Ecosistema;Sitio;Sector;Parcela;Longitud;Latitud;Estado;Medida;Valor;Unidades;Origen_Informacion
Bosque Andino;Santander;Santuario de Fauna y Flora Guanenta;1RO;-73.145144;5.975767;Conservado;BA;130.3745967;tC ha-1;PUJ / Ecopetrol
Bosque Andino;Santander;Santuario de Fauna y Flora Guanenta;1RI;-73.146714;5.97732;Degradado;BA;84.86786751;tC ha-1;PUJ / Ecopetrol
Bosque Andino;Santander;Santuario de Fauna y Flora Guanenta;2RO;-73.144948;5.974947;Conservado;BA;106.8071609;tC ha-1;PUJ / Ecopetrol
Bosque Andino;Santander;Santuario de Fauna y Flora Guanenta;2RI;-73.15082;5.950982;Degradado;BA;89.17601839;tC ha-1;PUJ / Ecopetrol
Bosque Andino;Santander;Santuario de Fauna y Flora Guanenta;3RO;-73.145913;5.976624;Conservado;BA;134.5598839;tC ha-1;PUJ / Ecopetrol
Bosque Andino;Santander;Santuario de Fauna y Flora Guanenta;3RI;-73.150263;5.952148;Degradado;BA;127.4178051;tC ha-1;PUJ / Ecopetrol
Bosque Andino;Santander;Santuario de Fauna y Flora Guanenta;4RO;-73.145285;5.977627;Conservado;BA;198.910158;tC ha-1;PUJ / Ecopetrol
Bosque Andino;Santander;Santuario de Fauna y Flora Guanenta;4RI;-73.149946;5.953577;Degradado;BA;110.5773686;tC ha-1;PUJ / Ecopetrol
Bosque Andino;Santander;Santuario de Fauna y Flora Guanenta;5RO;-73.147569;5.971741;Conservado;BA;114.571196;tC ha-1;PUJ / Ecopetrol
Bosque Andino;Santander;Santuario de Fauna y Flora Guanenta;5RI;-73.146131;5.973477;Degradado;BA;86.8757648;tC ha-1;PUJ / Ecopetrol
Bosque Andino;Santander;Parque Nacional Natural Yariguies;P1B_Yar;-73.358264;6.595462;80 ańos;BA;154.7538415;tC ha-1;PUJ / Ecopetrol
Bosque Andino;Santander;Parque Nacional Natural Yariguies;P2B_Yar;-73.357746;6.596469;80 ańos;BA;79.31708771;tC ha-1;PUJ / Ecopetrol
Bosque Andino;Santander;Parque Nacional Natural Yariguies;P3B_Yar;-73.355693;6.594609;80 ańos;BA;49.17005804;tC ha-1;PUJ / Ecopetrol
Bosque Andino;Santander;Parque Nacional Natural Yariguies;P4B_Yar;-73.351925;6.591011;80 ańos;BA;102.8717973;tC ha-1;PUJ / Ecopetrol
Bosque Andino;Santander;Parque Nacional Natural Yariguies;P5B_Yar;-73.35236;6.590823;80 ańos;BA;45.82516461;tC ha-1;PUJ / Ecopetrol
Bosque Andino;Santander;Parque Nacional Natural Yariguies;PPAS-P1_Yar;-73.352347;6.585229; ;BA;2.96;tC ha-1;PUJ / Ecopetrol
Bosque Andino;Santander;Parque Nacional Natural Yariguies;PPAS-P2_Yar;-73.35172;6.585226; ;BA;4.85;tC ha-1;PUJ / Ecopetrol
Bosque Andino;Santander;Parque Nacional Natural Yariguies;PPAS-P3_Yar;-73.350851;6.584701; ;BA;1.39;tC ha-1;PUJ / Ecopetrol
Bosque Andino;Santander;Parque Nacional Natural Yariguies;PPAS-P4_Yar;-73.350022;6.58323; ;BA;2.81;tC ha-1;PUJ / Ecopetrol
Bosque Andino;Santander;Parque Nacional Natural Yariguies;PPAS-P5_Yar;-73.349948;6.582466; ;BA;1.56;tC ha-1;PUJ / Ecopetrol
Bosque Andino;Santander;Parque Nacional Natural Yariguies;P1RA_Yar;-73.354061;6.589175;17 ańos;BA;35.95961388;tC ha-1;PUJ / Ecopetrol
Bosque Andino;Santander;Parque Nacional Natural Yariguies;P2RA_Yar;-73.353438;6.588041;17 ańos;BA;17.88082001;tC ha-1;PUJ / Ecopetrol
Bosque Andino;Santander;Parque Nacional Natural Yariguies;P3RA_Yar;-73.354283;6.587539;17 ańos;BA;49.06617157;tC ha-1;PUJ / Ecopetrol
Bosque Andino;Santander;Parque Nacional Natural Yariguies;P4RA_Yar;-73.353246;6.587368;17 ańos;BA;47.38175058;tC ha-1;PUJ / Ecopetrol
Bosque Andino;Santander;Parque Nacional Natural Yariguies;P5RA_Yar;-73.353518;6.586233;17 ańos;BA;25.51402572;tC ha-1;PUJ / Ecopetrol
Bosque Andino;Santander;Parque Nacional Natural Yariguies;P2R_Yar;-73.352066;6.594506;7 ańos;BA;20.2449278;tC ha-1;PUJ / Ecopetrol
Bosque Andino;Santander;Parque Nacional Natural Yariguies;P32_Yar;-73.35146;6.594754;7 ańos;BA;8.979035012;tC ha-1;PUJ / Ecopetrol
Bosque Andino;Santander;Parque Nacional Natural Yariguies;P4R_Yar;-73.35399;6.593255;7 ańos;BA;32.68306179;tC ha-1;PUJ / Ecopetrol
Bosque Andino;Santander;Parque Nacional Natural Yariguies;P5R_Yar;-73.354579;6.592712;7 ańos;BA;11.53307383;tC ha-1;PUJ / Ecopetrol
Bosque de Galería;Meta;Reserva Natural de Rey Zamuro;BG1_RZ;-73.374985;3.526;Degradado;BA;38.48851884;tC ha-1;PUJ / Ecopetrol
Bosque de Galería;Meta;Reserva Natural de Rey Zamuro;BG10_RZ;-73.404924;3.524614;Conservado;BA;70.73591776;tC ha-1;PUJ / Ecopetrol
Bosque de Galería;Meta;Reserva Natural de Rey Zamuro;BG2_RZ;-73.404228;3.528672;Conservado;BA;46.79375742;tC ha-1;PUJ / Ecopetrol
Bosque de Galería;Meta;Reserva Natural de Rey Zamuro;BG3_RZ;-73.403886;3.529389;Conservado;BA;58.96426506;tC ha-1;PUJ / Ecopetrol
Bosque de Galería;Meta;Reserva Natural de Rey Zamuro;BG4_RZ;-73.375167;3.526717;Degradado;BA;83.74578995;tC ha-1;PUJ / Ecopetrol
Bosque de Galería;Meta;Reserva Natural de Rey Zamuro;BG5_RZ;-73.377144;3.528103;Degradado;BA;88.3511731;tC ha-1;PUJ / Ecopetrol
Bosque de Galería;Meta;Reserva Natural de Rey Zamuro;BG6_RZ;-73.404225;3.52581;Conservado;BA;107.2800232;tC ha-1;PUJ / Ecopetrol
Bosque de Galería;Meta;Reserva Natural de Rey Zamuro;BG7_RZ;-73.385942;3.528498;Degradado;BA;34.54826405;tC ha-1;PUJ / Ecopetrol
Bosque de Galería;Meta;Reserva Natural de Rey Zamuro;BG8_RZ;-73.404519;3.527445;Conservado;BA;63.40269446;tC ha-1;PUJ / Ecopetrol
Bosque de Galería;Meta;Reserva Natural de Rey Zamuro;BG9_RZ;-73.382276;3.526128;Degradado;BA;45.37565151;tC ha-1;PUJ / Ecopetrol
Bosque de Galería;Meta;Ecoreserva de Campo Rubiales;BG1Rub;-71.435858;3.819439;Conservado;BA;49.84312212;tC ha-1;PUJ / Ecopetrol
Bosque de Galería;Meta;Ecoreserva de Campo Rubiales;BG2Rub;-71.435384;3.819325;Degradado;BA;24.46541591;tC ha-1;PUJ / Ecopetrol
Bosque de Galería;Meta;Ecoreserva de Campo Rubiales;BG3Rub;-71.435681;3.818659;Conservado;BA;68.08788512;tC ha-1;PUJ / Ecopetrol
Bosque de Galería;Meta;Ecoreserva de Campo Rubiales;BG4Rub;-71.488643;3.799312;Degradado;BA;44.34388641;tC ha-1;PUJ / Ecopetrol
Bosque de Galería;Meta;Ecoreserva de Campo Rubiales;BG5Rub;-71.488359;3.79928;Degradado;BA;42.31918677;tC ha-1;PUJ / Ecopetrol
Bosque de Galería;Meta;Ecoreserva de Campo Rubiales;BG6Rub;-71.487863;3.79929;Conservado;BA;50.49379829;tC ha-1;PUJ / Ecopetrol
Bosque de Galería;Meta;Reserva Natural Yurumí ;BG1_Yur;-72.521861;4.103056;Degradado;BA;70.36192666;tC ha-1;PUJ / Ecopetrol
Bosque de Galería;Meta;Reserva Natural Yurumí ;BG2_Yur;-72.522278;4.094611;Conservado;BA;164.1116438;tC ha-1;PUJ / Ecopetrol
Bosque de Galería;Meta;Reserva Natural Yurumí ;BG3_Yur;-72.529361;4.099389;Conservado;BA;82.95340832;tC ha-1;PUJ / Ecopetrol
Bosque de Galería;Meta;Reserva Natural Yurumí ;BG4_Yur;-72.529722;4.098556;Conservado;BA;145.8133465;tC ha-1;PUJ / Ecopetrol
Bosque de Galería;Meta;Reserva Natural Yurumí ;BG5_Yur;-72.534083;4.099611;Degradado;BA;74.13033838;tC ha-1;PUJ / Ecopetrol
Bosque Húmedo;Santander;Centro de Investigaciones Santa Lucia - UNIPAZ;C1 SPF1;-73.7477;7.08034;conservado;BA;189.7211743;tC ha-1;PUJ / Ecopetrol
Bosque Húmedo;Santander;Centro de Investigaciones Santa Lucia - UNIPAZ;C2 SPF1;-73.74806;7.07726;conservado;BA;94.62027375;tC ha-1;PUJ / Ecopetrol
Bosque Húmedo;Santander;Centro de Investigaciones Santa Lucia - UNIPAZ;C1 SPF2;-73.74778;7.08113;conservado;BA;39.05423015;tC ha-1;PUJ / Ecopetrol
Bosque Húmedo;Santander;Centro de Investigaciones Santa Lucia - UNIPAZ;C2 SPF2;-73.74816;7.07811;conservado;BA;108.354868;tC ha-1;PUJ / Ecopetrol
Bosque Húmedo;Santander;Centro de Investigaciones Santa Lucia - UNIPAZ;C1 SPF3;-73.747081;7.080381;conservado;BA;92.39382451;tC ha-1;PUJ / Ecopetrol
Bosque Húmedo;Santander;Centro de Investigaciones Santa Lucia - UNIPAZ;C2 SPF3;-73.74747;7.07734;conservado;BA;80.98838415;tC ha-1;PUJ / Ecopetrol
Bosque Húmedo;Santander;Centro de Investigaciones Santa Lucia - UNIPAZ;C1 SPF4;-73.74755;7.07975;conservado;BA;137.1320379;tC ha-1;PUJ / Ecopetrol
Bosque Húmedo;Santander;Centro de Investigaciones Santa Lucia - UNIPAZ;C2 SPF4;-73.748707;7.077176;conservado;BA;103.5466862;tC ha-1;PUJ / Ecopetrol
Bosque Húmedo;Santander;Centro de Investigaciones Santa Lucia - UNIPAZ;C1 SPF5;-73.74829;7.08028;conservado;BA;69.30055087;tC ha-1;PUJ / Ecopetrol
Bosque Húmedo;Santander;Centro de Investigaciones Santa Lucia - UNIPAZ;C2 SPF5;-73.747934;7.076648;conservado;BA;117.3082269;tC ha-1;PUJ / Ecopetrol
Morichal;Meta;Reserva Natural de Rey Zamuro - morichal mineral;MZ1_RZ;-73.386394;3.526861;Degradado;BA;235.4494623;tC ha-1;PUJ / Ecopetrol
Morichal;Meta;Reserva Natural de Rey Zamuro - morichal mineral;MZ10_RZ;-73.403365;3.521511;Degradado;BA;306.4812381;tC ha-1;PUJ / Ecopetrol
Morichal;Meta;Reserva Natural de Rey Zamuro - morichal mineral;MZ2_RZ;-73.387549;3.527133;Degradado;BA;92.12508491;tC ha-1;PUJ / Ecopetrol
Morichal;Meta;Reserva Natural de Rey Zamuro - morichal mineral;MZ3_RZ;-73.402044;3.520708;Conservado;BA;299.5432851;tC ha-1;PUJ / Ecopetrol
Morichal;Meta;Reserva Natural de Rey Zamuro - morichal mineral;MZ4_RZ;-73.402439;3.521717;Degradado;BA;129.5842088;tC ha-1;PUJ / Ecopetrol
Morichal;Meta;Reserva Natural de Rey Zamuro - morichal mineral;MZ5_RZ;-73.381186;3.524728;Conservado;BA;134.8385747;tC ha-1;PUJ / Ecopetrol
Morichal;Meta;Reserva Natural de Rey Zamuro - morichal mineral;MZ6_RZ;-73.401226;3.51984;Conservado;BA;190.2825772;tC ha-1;PUJ / Ecopetrol
Morichal;Meta;Reserva Natural de Rey Zamuro - morichal mineral;MZ7_RZ;-73.399819;3.518739;Conservado;BA;141.1674205;tC ha-1;PUJ / Ecopetrol
Morichal;Meta;Reserva Natural de Rey Zamuro - morichal mineral;MZ8_RZ;-73.400636;3.519435;Conservado;BA;106.1343581;tC ha-1;PUJ / Ecopetrol
Morichal;Meta;Reserva Natural de Rey Zamuro - morichal mineral;MZ9_RZ;-73.403866;3.522329;Degradado;BA;147.6139845;tC ha-1;PUJ / Ecopetrol
Morichal;Meta;Reserva Natural Yurumí ;M1_Yur;-72.529139;4.103333;Conservado;BA;103.0405464;tC ha-1;PUJ / Ecopetrol
Morichal;Meta;Reserva Natural Yurumí ;M10_Yur;-72.517107;4.109031;Degradado;BA;91.41728772;tC ha-1;PUJ / Ecopetrol
Morichal;Meta;Reserva Natural Yurumí ;M2_Yur;-72.528722;4.105722;Conservado;BA;103.1927207;tC ha-1;PUJ / Ecopetrol
Morichal;Meta;Reserva Natural Yurumí ;M3_Yur;-72.527861;4.107806;Conservado;BA;92.18913746;tC ha-1;PUJ / Ecopetrol
Morichal;Meta;Reserva Natural Yurumí ;M4_Yur;-72.528333;4.10125;Conservado;BA;192.3786439;tC ha-1;PUJ / Ecopetrol
Morichal;Meta;Reserva Natural Yurumí ;M5_Yur;-72.520917;4.100889;Conservado;BA;154.9876553;tC ha-1;PUJ / Ecopetrol
Morichal;Meta;Reserva Natural Yurumí ;M6_Yur;-72.521113;4.10184;Degradado;BA;161.6169834;tC ha-1;PUJ / Ecopetrol
Morichal;Meta;Reserva Natural Yurumí ;M7_Yur;-72.521637;4.098769;Degradado;BA;86.05678002;tC ha-1;PUJ / Ecopetrol
Morichal;Meta;Reserva Natural Yurumí ;M8_Yur;-72.517254;4.107173;Degradado;BA;122.0738619;tC ha-1;PUJ / Ecopetrol
Morichal;Meta;Reserva Natural Yurumí ;M9_Yur;-72.518991;4.109108;Degradado;BA;135.8749497;tC ha-1;PUJ / Ecopetrol
Morichal;Meta;Ecoreserva de Campo Rubiales;M1Rub;-71.436124;3.833522;Degradado;BA;25.347045;tC ha-1;PUJ / Ecopetrol
Morichal;Meta;Ecoreserva de Campo Rubiales;M2Rub;-71.435827;3.833386;Degradado;BA;29.88147133;tC ha-1;PUJ / Ecopetrol
Morichal;Meta;Ecoreserva de Campo Rubiales;M3Rub;-71.435094;3.832386;Conservado;BA;58.88174112;tC ha-1;PUJ / Ecopetrol
Morichal;Meta;Ecoreserva de Campo Rubiales;M4Rub;-71.49339;3.886765;Degradado;BA;34.98004047;tC ha-1;PUJ / Ecopetrol
Morichal;Meta;Ecoreserva de Campo Rubiales;M5Rub;-71.493204;3.884654;Conservado;BA;47.86021225;tC ha-1;PUJ / Ecopetrol
Morichal;Meta;Ecoreserva de Campo Rubiales;M6Rub;-71.494149;3.883972;Conservado;BA;44.1799531;tC ha-1;PUJ / Ecopetrol
Páramo;Boyacá;Parque Nacional Natural El Cocuy;PAR1_Cocuy;-72.336117;6.362672;25 ańos;BA;6.094802771;tC ha-1;PUJ / Ecopetrol
Páramo;Boyacá;Parque Nacional Natural El Cocuy;PARB1_Cocuy;-72.34442;6.37882;40 ańos;BA;1.269892742;tC ha-1;PUJ / Ecopetrol
Páramo;Boyacá;Parque Nacional Natural El Cocuy;PP1_Cocuy;-72.330877;6.356578;4 ańos;BA;4.869659725;tC ha-1;PUJ / Ecopetrol
Páramo;Boyacá;Parque Nacional Natural El Cocuy;PF1_Cocuy;-72.335212;6.356234;8 ańos;BA;6.833333786;tC ha-1;PUJ / Ecopetrol
Páramo;Boyacá;Parque Nacional Natural El Cocuy;PA1_Cocuy;-72.351497;6.387998;150 ańos;BA;2.68381965;tC ha-1;PUJ / Ecopetrol
Páramo;Boyacá;Parque Nacional Natural El Cocuy;PAR2_Cocuy;-72.33619;6.361744;25 ańos;BA;5.93555713;tC ha-1;PUJ / Ecopetrol
Páramo;Boyacá;Parque Nacional Natural El Cocuy;PARB2_Cocuy;-72.344561;6.379141;40 ańos;BA;8.222049898;tC ha-1;PUJ / Ecopetrol
Páramo;Boyacá;Parque Nacional Natural El Cocuy;PP2_Cocuy;-72.330835;6.357742;4 ańos;BA;4.331428551;tC ha-1;PUJ / Ecopetrol
Páramo;Boyacá;Parque Nacional Natural El Cocuy;PF2_Cocuy;-72.335473;6.356405;8 ańos;BA;0.217732591;tC ha-1;PUJ / Ecopetrol
Páramo;Boyacá;Parque Nacional Natural El Cocuy;PA2_Cocuy;-72.351788;6.387945;150 ańos;BA;13.19055668;tC ha-1;PUJ / Ecopetrol
Páramo;Boyacá;Parque Nacional Natural El Cocuy;PAR3_Cocuy;-72.33714;6.36137;25 ańos;BA;4.832556909;tC ha-1;PUJ / Ecopetrol
Páramo;Boyacá;Parque Nacional Natural El Cocuy;PARB3_Cocuy;-72.344682;6.379699;40 ańos;BA;9.00914392;tC ha-1;PUJ / Ecopetrol
Páramo;Boyacá;Parque Nacional Natural El Cocuy;PP3_Cocuy;-72.331146;6.359524;4 ańos;BA;1.057309587;tC ha-1;PUJ / Ecopetrol
Páramo;Boyacá;Parque Nacional Natural El Cocuy;PF3_Cocuy;-72.335507;6.35688;8 ańos;BA;3.741592114;tC ha-1;PUJ / Ecopetrol
Páramo;Boyacá;Parque Nacional Natural El Cocuy;PA3_Cocuy;-72.352058;6.387755;150 ańos;BA;18.15419895;tC ha-1;PUJ / Ecopetrol
Páramo;Boyacá;Parque Nacional Natural El Cocuy;PAR4_Cocuy;-72.336629;6.363675;25 ańos;BA;3.678906207;tC ha-1;PUJ / Ecopetrol
Páramo;Boyacá;Parque Nacional Natural El Cocuy;PARB4_Cocuy;-72.345075;6.38013;40 ańos;BA;4.721077871;tC ha-1;PUJ / Ecopetrol
Páramo;Boyacá;Parque Nacional Natural El Cocuy;PP4_Cocuy;-72.331491;6.358731;4 ańos;BA;1.58389128;tC ha-1;PUJ / Ecopetrol
Páramo;Boyacá;Parque Nacional Natural El Cocuy;PF4_Cocuy;-72.33564;6.357314;8 ańos;BA;0.399018689;tC ha-1;PUJ / Ecopetrol
Páramo;Boyacá;Parque Nacional Natural El Cocuy;PA4_Cocuy;-72.352277;6.38794;150 ańos;BA;3.901013028;tC ha-1;PUJ / Ecopetrol
Páramo;Boyacá;Parque Nacional Natural El Cocuy;PAR5_Cocuy;-72.336173;6.364334;25 ańos;BA;4.425015411;tC ha-1;PUJ / Ecopetrol
Páramo;Boyacá;Parque Nacional Natural El Cocuy;PARB5_Cocuy;-72.345093;6.379647;40 ańos;BA;12.97325494;tC ha-1;PUJ / Ecopetrol
Páramo;Boyacá;Parque Nacional Natural El Cocuy;PP5_Cocuy;-72.331706;6.360305;4 ańos;BA;0.539052947;tC ha-1;PUJ / Ecopetrol
Páramo;Boyacá;Parque Nacional Natural El Cocuy;PF5_Cocuy;-72.335222;6.35744;8 ańos;BA;3.563593571;tC ha-1;PUJ / Ecopetrol
Páramo;Boyacá;Parque Nacional Natural El Cocuy;PA5_Cocuy;-72.35273;6.387704;150 ańos;BA;9.534051979;tC ha-1;PUJ / Ecopetrol
Páramo;Boyacá;Parque Nacional Natural El Cocuy;PAR6_Cocuy;-72.334537;6.360195;15 ańos;BA;0.579643854;tC ha-1;PUJ / Ecopetrol
Páramo;Boyacá;Parque Nacional Natural El Cocuy;PAR7_Cocuy;-72.335138;6.360441;15 ańos;BA;0.935588696;tC ha-1;PUJ / Ecopetrol
Sabana;Meta;Reserva Natural de Rey Zamuro;Br1_RZ;-73.415253;3.534608;Degradado;BA;2.7072;tC ha-1;PUJ / Ecopetrol
Sabana;Meta;Reserva Natural de Rey Zamuro;SS1_RZ;-73.369757;3.531884;Conservado;BA;1.4208;tC ha-1;PUJ / Ecopetrol
Sabana;Meta;Reserva Natural de Rey Zamuro;Br2_RZ;-73.418871;3.53504;Degradado;BA;2.1888;tC ha-1;PUJ / Ecopetrol
Sabana;Meta;Reserva Natural de Rey Zamuro;SS2_RZ;-73.368592;3.5307;Conservado;BA;1.6512;tC ha-1;PUJ / Ecopetrol
Sabana;Meta;Reserva Natural de Rey Zamuro;SS3_RZ;-73.401413;3.52083;Degradado;BA;1.9872;tC ha-1;PUJ / Ecopetrol
Sabana;Meta;Reserva Natural de Rey Zamuro;SS4_RZ;-73.400243;3.520797;Degradado;BA;1.9008;tC ha-1;PUJ / Ecopetrol
Sabana;Meta;Ecoreserva de Campo Rubiales;SI1-SPF1Rub;-71.419972;3.820386;;BA;1.93536;tC ha-1;PUJ / Ecopetrol
Sabana;Meta;Ecoreserva de Campo Rubiales;SS1-SPF1Rub;-71.432787;3.832541;;BA;1.4016;tC ha-1;PUJ / Ecopetrol
Sabana;Meta;Ecoreserva de Campo Rubiales;SI2-SPF1Rub;-71.432532;3.830358;;BA;2.50752;tC ha-1;PUJ / Ecopetrol
Sabana;Meta;Ecoreserva de Campo Rubiales;SS2-SPF1Rub;-71.421903;3.822035;;BA;0.86208;tC ha-1;PUJ / Ecopetrol
Sabana;Meta;Ecoreserva de Campo Rubiales;SI1-SPF2Rub;-71.419289;3.820517;;BA;1.40352;tC ha-1;PUJ / Ecopetrol
Sabana;Meta;Ecoreserva de Campo Rubiales;SS1-SPF2Rub;-71.432705;3.831929;;BA;0.98496;tC ha-1;PUJ / Ecopetrol
Sabana;Meta;Ecoreserva de Campo Rubiales;SI2-SPF2Rub;-71.432403;3.829655;;BA;2.4864;tC ha-1;PUJ / Ecopetrol
Sabana;Meta;Ecoreserva de Campo Rubiales;SS2-SPF2Rub;-71.422017;3.822702;;BA;1.43424;tC ha-1;PUJ / Ecopetrol
Sabana;Meta;Ecoreserva de Campo Rubiales;SI1-SPF3Rub;-71.420126;3.821075;;BA;1.55904;tC ha-1;PUJ / Ecopetrol
Sabana;Meta;Ecoreserva de Campo Rubiales;SS1-SPF3Rub;-71.433515;3.832515;;BA;1.70112;tC ha-1;PUJ / Ecopetrol
Sabana;Meta;Ecoreserva de Campo Rubiales;SI2-SPF3Rub;-71.433228;3.830252;;BA;1.3824;tC ha-1;PUJ / Ecopetrol
Sabana;Meta;Ecoreserva de Campo Rubiales;SS2-SPF3Rub;-71.421189;3.822151;;BA;0.91776;tC ha-1;PUJ / Ecopetrol
Sabana;Meta;Ecoreserva de Campo Rubiales;SI1-SPF4Rub;-71.419846;3.819677;;BA;2.41152;tC ha-1;PUJ / Ecopetrol
Sabana;Meta;Ecoreserva de Campo Rubiales;SS1-SPF4Rub;-71.432937;3.833345;;BA;0.9312;tC ha-1;PUJ / Ecopetrol
Sabana;Meta;Ecoreserva de Campo Rubiales;SI2-SPF4Rub;-71.43265;3.831065;;BA;0.82176;tC ha-1;PUJ / Ecopetrol
Sabana;Meta;Ecoreserva de Campo Rubiales;SS2-SPF4Rub;-71.421765;3.821299;;BA;1.95648;tC ha-1;PUJ / Ecopetrol
Sabana;Meta;Ecoreserva de Campo Rubiales;SI1-SPF5Rub;-71.420698;3.820253;;BA;1.97568;tC ha-1;PUJ / Ecopetrol
Sabana;Meta;Ecoreserva de Campo Rubiales;SS1-SPF5Rub;-71.432114;3.832764;;BA;1.8624;tC ha-1;PUJ / Ecopetrol
Sabana;Meta;Ecoreserva de Campo Rubiales;SI2-SPF5Rub;-71.431828;3.830508;;BA;2.2944;tC ha-1;PUJ / Ecopetrol
Sabana;Meta;Ecoreserva de Campo Rubiales;SS2-SPF5Rub;-71.422592;3.821874;;BA;1.7664;tC ha-1;PUJ / Ecopetrol
Sabana;Meta;Reserva Natural Yurumí ;SNI1_Yur;-72.523974;4.096998;Degradado;BA;1.248;tC ha-1;PUJ / Ecopetrol
Sabana;Meta;Reserva Natural Yurumí ;SNI2_Yur;-72.524007;4.097831;Degradado;BA;1.4592;tC ha-1;PUJ / Ecopetrol
Sabana;Meta;Reserva Natural Yurumí ;SNI3_Yur;-72.52314;4.097476;Degradado;BA;1.5936;tC ha-1;PUJ / Ecopetrol
Bosque Andino;Santander;Santuario de Fauna y Flora Guanenta;1RO;-73.145144;5.975767;Conservado;COS;157.1158315;tC ha-1;PUJ / Ecopetrol
Bosque Andino;Santander;Santuario de Fauna y Flora Guanenta;1RI;-73.146714;5.97732;Degradado;COS;192.6564649;tC ha-1;PUJ / Ecopetrol
Bosque Andino;Santander;Santuario de Fauna y Flora Guanenta;2RO;-73.144948;5.974947;Conservado;COS;127.2817055;tC ha-1;PUJ / Ecopetrol
Bosque Andino;Santander;Santuario de Fauna y Flora Guanenta;2RI;-73.15082;5.950982;Degradado;COS;151.0152012;tC ha-1;PUJ / Ecopetrol
Bosque Andino;Santander;Santuario de Fauna y Flora Guanenta;3RO;-73.145913;5.976624;Conservado;COS;212.8612949;tC ha-1;PUJ / Ecopetrol
Bosque Andino;Santander;Santuario de Fauna y Flora Guanenta;3RI;-73.150263;5.952148;Degradado;COS;124.6662112;tC ha-1;PUJ / Ecopetrol
Bosque Andino;Santander;Santuario de Fauna y Flora Guanenta;4RO;-73.145285;5.977627;Conservado;COS;149.7756198;tC ha-1;PUJ / Ecopetrol
Bosque Andino;Santander;Santuario de Fauna y Flora Guanenta;4RI;-73.149946;5.953577;Degradado;COS;161.0899029;tC ha-1;PUJ / Ecopetrol
Bosque Andino;Santander;Santuario de Fauna y Flora Guanenta;5RO;-73.147569;5.971741;Conservado;COS;150.5485715;tC ha-1;PUJ / Ecopetrol
Bosque Andino;Santander;Santuario de Fauna y Flora Guanenta;5RI;-73.146131;5.973477;Degradado;COS;95.90375923;tC ha-1;PUJ / Ecopetrol
Bosque Andino;Santander;Parque Nacional Natural Yariguies;P1B_Yar;-73.358264;6.595462;80 ańos;COS;117.847946;tC ha-1;PUJ / Ecopetrol
Bosque Andino;Santander;Parque Nacional Natural Yariguies;PPAS-P1_Yar;-73.352347;6.585229;0 ańos;COS;58.58874456;tC ha-1;PUJ / Ecopetrol
Bosque Andino;Santander;Parque Nacional Natural Yariguies;P1RA_Yar;-73.354061;6.589175;17 ańos;COS;110.425881;tC ha-1;PUJ / Ecopetrol
Bosque Andino;Santander;Parque Nacional Natural Yariguies;P2B_Yar;-73.357746;6.596469;80 ańos;COS;175.2131726;tC ha-1;PUJ / Ecopetrol
Bosque Andino;Santander;Parque Nacional Natural Yariguies;PPAS-P2_Yar;-73.35172;6.585226;0 ańos;COS;111.0620157;tC ha-1;PUJ / Ecopetrol
Bosque Andino;Santander;Parque Nacional Natural Yariguies;P2RA_Yar;-73.353438;6.588041;17 ańos;COS;72.0460162;tC ha-1;PUJ / Ecopetrol
Bosque Andino;Santander;Parque Nacional Natural Yariguies;P2R_Yar;-73.352066;6.594506;7 ańos;COS;65.01197565;tC ha-1;PUJ / Ecopetrol
Bosque Andino;Santander;Parque Nacional Natural Yariguies;P3B_Yar;-73.355693;6.594609;80 ańos;COS;148.0815738;tC ha-1;PUJ / Ecopetrol
Bosque Andino;Santander;Parque Nacional Natural Yariguies;PPAS-P3_Yar;-73.350851;6.584701;0 ańos;COS;38.91193672;tC ha-1;PUJ / Ecopetrol
Bosque Andino;Santander;Parque Nacional Natural Yariguies;P3RA_Yar;-73.354283;6.587539;17 ańos;COS;80.6882343;tC ha-1;PUJ / Ecopetrol
Bosque Andino;Santander;Parque Nacional Natural Yariguies;P32_Yar;-73.35146;6.594754;7 ańos;COS;131.5677551;tC ha-1;PUJ / Ecopetrol
Bosque Andino;Santander;Parque Nacional Natural Yariguies;P4B_Yar;-73.351925;6.591011;80 ańos;COS;91.80768059;tC ha-1;PUJ / Ecopetrol
Bosque Andino;Santander;Parque Nacional Natural Yariguies;PPAS-P4_Yar;-73.350022;6.58323;0 ańos;COS;87.27236675;tC ha-1;PUJ / Ecopetrol
Bosque Andino;Santander;Parque Nacional Natural Yariguies;P4RA_Yar;-73.353246;6.587368;17 ańos;COS;61.00659576;tC ha-1;PUJ / Ecopetrol
Bosque Andino;Santander;Parque Nacional Natural Yariguies;P4R_Yar;-73.35399;6.593255;7 ańos;COS;94.59955201;tC ha-1;PUJ / Ecopetrol
Bosque Andino;Santander;Parque Nacional Natural Yariguies;P5B_Yar;-73.35236;6.590823;80 ańos;COS;83.80748944;tC ha-1;PUJ / Ecopetrol
Bosque Andino;Santander;Parque Nacional Natural Yariguies;PPAS-P5_Yar;-73.349948;6.582466;0 ańos;COS;83.18674218;tC ha-1;PUJ / Ecopetrol
Bosque Andino;Santander;Parque Nacional Natural Yariguies;P5RA_Yar;-73.353518;6.586233;17 ańos;COS;155.1248467;tC ha-1;PUJ / Ecopetrol
Bosque Andino;Santander;Parque Nacional Natural Yariguies;P5R_Yar;-73.354579;6.592712;7 ańos;COS;91.98946298;tC ha-1;PUJ / Ecopetrol
Bosque Andino;Santander;Parque Nacional Natural Yariguies;P6R_Yar;-73.354808;6.592014;7 ańos;COS;80.22967386;tC ha-1;PUJ / Ecopetrol
Bosque de Galería;Meta;Ecoreserva de Campo Rubiales;BG1Rub;-71.435858;3.819439;Conservado;COS;108.6653233;tC ha-1;PUJ / Ecopetrol
Bosque de Galería;Meta;Ecoreserva de Campo Rubiales;BG2Rub;-71.435384;3.819325;Degradado;COS;88.9164438;tC ha-1;PUJ / Ecopetrol
Bosque de Galería;Meta;Ecoreserva de Campo Rubiales;BG3Rub;-71.435681;3.818659;Conservado;COS;72.3222053;tC ha-1;PUJ / Ecopetrol
Bosque de Galería;Meta;Ecoreserva de Campo Rubiales;BG4Rub;-71.488643;3.799312;Degradado;COS;106.5335016;tC ha-1;PUJ / Ecopetrol
Bosque de Galería;Meta;Ecoreserva de Campo Rubiales;BG5Rub;-71.488359;3.79928;Degradado;COS;66.08973519;tC ha-1;PUJ / Ecopetrol
Bosque de Galería;Meta;Ecoreserva de Campo Rubiales;BG6Rub;-71.487863;3.79929;Conservado;COS;85.47523328;tC ha-1;PUJ / Ecopetrol
Bosque de Galería;Meta;Reserva Natural de Rey Zamuro;BG1_RZ;-73.374985;3.526;Degradado;COS;83.41307454;tC ha-1;PUJ / Ecopetrol
Bosque de Galería;Meta;Reserva Natural de Rey Zamuro;BG10_RZ;-73.404924;3.524614;Conservado;COS;107.5474535;tC ha-1;PUJ / Ecopetrol
Bosque de Galería;Meta;Reserva Natural de Rey Zamuro;BG2_RZ;-73.404228;3.528672;Degradado;COS;53.23170312;tC ha-1;PUJ / Ecopetrol
Bosque de Galería;Meta;Reserva Natural de Rey Zamuro;BG3_RZ;-73.403886;3.529389;Degradado;COS;45.78988427;tC ha-1;PUJ / Ecopetrol
Bosque de Galería;Meta;Reserva Natural de Rey Zamuro;BG4_RZ;-73.375167;3.526717;Conservado;COS;72.79434736;tC ha-1;PUJ / Ecopetrol
Bosque de Galería;Meta;Reserva Natural de Rey Zamuro;BG5_RZ;-73.377144;3.528103;Conservado;COS;74.22508563;tC ha-1;PUJ / Ecopetrol
Bosque de Galería;Meta;Reserva Natural de Rey Zamuro;BG6_RZ;-73.404225;3.52581;Conservado;COS;109.3108815;tC ha-1;PUJ / Ecopetrol
Bosque de Galería;Meta;Reserva Natural de Rey Zamuro;BG7_RZ;-73.385942;3.528498;Degradado;COS;136.4730763;tC ha-1;PUJ / Ecopetrol
Bosque de Galería;Meta;Reserva Natural de Rey Zamuro;BG8_RZ;-73.404519;3.527445;Conservado;COS;116.2141346;tC ha-1;PUJ / Ecopetrol
Bosque de Galería;Meta;Reserva Natural de Rey Zamuro;BG9_RZ;-73.382276;3.526128;Degradado;COS;129.4428328;tC ha-1;PUJ / Ecopetrol
Bosque de Galería;Meta;Reserva Natural Yurumí ;BG1_Yur;-72.521861;4.103056;Degradado;COS;54.86259161;tC ha-1;PUJ / Ecopetrol
Bosque de Galería;Meta;Reserva Natural Yurumí ;BG2_Yur;-72.522278;4.094611;Conservado;COS;52.04272504;tC ha-1;PUJ / Ecopetrol
Bosque de Galería;Meta;Reserva Natural Yurumí ;BG3_Yur;-72.529361;4.099389;Conservado;COS;63.81983718;tC ha-1;PUJ / Ecopetrol
Bosque de Galería;Meta;Reserva Natural Yurumí ;BG4_Yur;-72.529722;4.098556;Conservado;COS;48.25321203;tC ha-1;PUJ / Ecopetrol
Bosque de Galería;Meta;Reserva Natural Yurumí ;BG5_Yur;-72.534083;4.099611;Degradado;COS;42.22152734;tC ha-1;PUJ / Ecopetrol
Bosque Húmedo;Santander;Centro de Investigaciones Santa Lucia - UNIPAZ;C1 SPF1;-73.7477;7.08034;;COS;61.49216937;tC ha-1;PUJ / Ecopetrol
Bosque Húmedo;Santander;Centro de Investigaciones Santa Lucia - UNIPAZ;C2 SPF1;-73.74806;7.07726;;COS;108.7999161;tC ha-1;PUJ / Ecopetrol
Bosque Húmedo;Santander;Centro de Investigaciones Santa Lucia - UNIPAZ;C1 SPF2;-73.74778;7.08113;;COS;89.25057791;tC ha-1;PUJ / Ecopetrol
Bosque Húmedo;Santander;Centro de Investigaciones Santa Lucia - UNIPAZ;C2 SPF2;-73.74816;7.07811;;COS;74.33112974;tC ha-1;PUJ / Ecopetrol
Bosque Húmedo;Santander;Centro de Investigaciones Santa Lucia - UNIPAZ;C1 SPF3;-73.747081;7.080381;;COS;79.93692181;tC ha-1;PUJ / Ecopetrol
Bosque Húmedo;Santander;Centro de Investigaciones Santa Lucia - UNIPAZ;C2 SPF3;-73.74747;7.07734;;COS;99.60892943;tC ha-1;PUJ / Ecopetrol
Bosque Húmedo;Santander;Centro de Investigaciones Santa Lucia - UNIPAZ;C1 SPF4;-73.74755;7.07975;;COS;83.89177591;tC ha-1;PUJ / Ecopetrol
Bosque Húmedo;Santander;Centro de Investigaciones Santa Lucia - UNIPAZ;C2 SPF4;-73.748707;7.077176;;COS;73.82119758;tC ha-1;PUJ / Ecopetrol
Bosque Húmedo;Santander;Centro de Investigaciones Santa Lucia - UNIPAZ;C1 SPF5;-73.74829;7.08028;;COS;156.2442664;tC ha-1;PUJ / Ecopetrol
Bosque Húmedo;Santander;Centro de Investigaciones Santa Lucia - UNIPAZ;C2 SPF5;-73.747934;7.076648;;COS;59.44315596;tC ha-1;PUJ / Ecopetrol
Morichal;Meta;Ecoreserva de Campo Rubiales;M1Rub;-71.436124;3.833522;Degradado;COS;117.2790818;tC ha-1;PUJ / Ecopetrol
Morichal;Meta;Ecoreserva de Campo Rubiales;M2Rub;-71.435827;3.833386;Degradado;COS;158.0375146;tC ha-1;PUJ / Ecopetrol
Morichal;Meta;Ecoreserva de Campo Rubiales;M3Rub;-71.435094;3.832386;Conservado;COS;104.021304;tC ha-1;PUJ / Ecopetrol
Morichal;Meta;Ecoreserva de Campo Rubiales;M4Rub;-71.49339;3.886765;Degradado;COS;85.74439014;tC ha-1;PUJ / Ecopetrol
Morichal;Meta;Ecoreserva de Campo Rubiales;M5Rub;-71.493204;3.884654;Conservado;COS;82.78855422;tC ha-1;PUJ / Ecopetrol
Morichal;Meta;Ecoreserva de Campo Rubiales;M6Rub;-71.494149;3.883972;Conservado;COS;129.2232976;tC ha-1;PUJ / Ecopetrol
Morichal;Meta;Reserva Natural de Rey Zamuro - morichal mineral;MZ1_RZ;-73.386394;3.526861;Conservado;COS;36.13159077;tC ha-1;PUJ / Ecopetrol
Morichal;Meta;Reserva Natural de Rey Zamuro - morichal mineral;MZ2_RZ;-73.387549;3.527133;Degradado;COS;130.3237496;tC ha-1;PUJ / Ecopetrol
Morichal;Meta;Reserva Natural de Rey Zamuro - morichal mineral;MZ4_RZ;-73.402439;3.521717;Degradado;COS;63.88716019;tC ha-1;PUJ / Ecopetrol
Morichal;Meta;Reserva Natural de Rey Zamuro - morichal mineral;MZ6_RZ;-73.401226;3.51984;Conservado;COS;30.22752;tC ha-1;PUJ / Ecopetrol
Morichal;Meta;Reserva Natural de Rey Zamuro - morichal mineral;MZ7_RZ;-73.399819;3.518739;Degradado;COS;44.2676496;tC ha-1;PUJ / Ecopetrol
Morichal;Meta;Reserva Natural de Rey Zamuro - morichal mineral;MZ8_RZ;-73.400636;3.519435;Degradado;COS;33.295584;tC ha-1;PUJ / Ecopetrol
Morichal;Meta;Reserva Natural de Rey Zamuro - morichal mineral;MZ9_RZ;-73.403866;3.522329;Conservado;COS;59.1672;tC ha-1;PUJ / Ecopetrol
Morichal;Meta;Reserva Natural de Rey Zamuro - morichal mineral;MZ10_RZ;-73.403365;3.521511;Conservado;COS;37.91664;tC ha-1;PUJ / Ecopetrol
Morichal;Meta;Reserva Natural Yurumí ;M1_Yur;-72.529139;4.103333;Conservado;COS;39.90851199;tC ha-1;PUJ / Ecopetrol
Morichal;Meta;Reserva Natural Yurumí ;M10_Yur;-72.517107;4.109031;Degradado;COS;58.86095873;tC ha-1;PUJ / Ecopetrol
Morichal;Meta;Reserva Natural Yurumí ;M2_Yur;-72.528722;4.105722;Conservado;COS;91.07593504;tC ha-1;PUJ / Ecopetrol
Morichal;Meta;Reserva Natural Yurumí ;M3_Yur;-72.527861;4.107806;Conservado;COS;156.2199598;tC ha-1;PUJ / Ecopetrol
Morichal;Meta;Reserva Natural Yurumí ;M4_Yur;-72.528333;4.10125;Conservado;COS;92.59501554;tC ha-1;PUJ / Ecopetrol
Morichal;Meta;Reserva Natural Yurumí ;M5_Yur;-72.520917;4.100889;Conservado;COS;34.79165575;tC ha-1;PUJ / Ecopetrol
Morichal;Meta;Reserva Natural Yurumí ;M6_Yur;-72.521113;4.10184;Degradado;COS;33.81800275;tC ha-1;PUJ / Ecopetrol
Morichal;Meta;Reserva Natural Yurumí ;M7_Yur;-72.521637;4.098769;Degradado;COS;12.29428889;tC ha-1;PUJ / Ecopetrol
Morichal;Meta;Reserva Natural Yurumí ;M8_Yur;-72.517254;4.107173;Degradado;COS;28.8297165;tC ha-1;PUJ / Ecopetrol
Morichal;Meta;Reserva Natural Yurumí ;M9_Yur;-72.518991;4.109108;Degradado;COS;58.0179379;tC ha-1;PUJ / Ecopetrol
Páramo;Boyacá;Parque Nacional Natural El Cocuy;PAR1_Cocuy;-72.336117;6.362672;25 ańos;COS;101.5111019;tC ha-1;PUJ / Ecopetrol
Páramo;Boyacá;Parque Nacional Natural El Cocuy;PARB1_Cocuy;-72.34442;6.37882;40 ańos;COS;79.90624206;tC ha-1;PUJ / Ecopetrol
Páramo;Boyacá;Parque Nacional Natural El Cocuy;PP1_Cocuy;-72.330877;6.356578;4 ańos;COS;50.12331194;tC ha-1;PUJ / Ecopetrol
Páramo;Boyacá;Parque Nacional Natural El Cocuy;PF1_Cocuy;-72.335212;6.356234;8 ańos;COS;110.0789809;tC ha-1;PUJ / Ecopetrol
Páramo;Boyacá;Parque Nacional Natural El Cocuy;PA1_Cocuy;-72.351497;6.387998;150 ańos;COS;107.6331211;tC ha-1;PUJ / Ecopetrol
Páramo;Boyacá;Parque Nacional Natural El Cocuy;PAR2_Cocuy;-72.33619;6.361744;25 ańos;COS;90.75969708;tC ha-1;PUJ / Ecopetrol
Páramo;Boyacá;Parque Nacional Natural El Cocuy;PARB2_Cocuy;-72.344561;6.379141;40 ańos;COS;47.96331213;tC ha-1;PUJ / Ecopetrol
Páramo;Boyacá;Parque Nacional Natural El Cocuy;PP2_Cocuy;-72.330835;6.357742;4 ańos;COS;48.58089165;tC ha-1;PUJ / Ecopetrol
Páramo;Boyacá;Parque Nacional Natural El Cocuy;PF2_Cocuy;-72.335473;6.356405;8 ańos;COS;76.69299351;tC ha-1;PUJ / Ecopetrol
Páramo;Boyacá;Parque Nacional Natural El Cocuy;PA2_Cocuy;-72.351788;6.387945;150 ańos;COS;29.57961769;tC ha-1;PUJ / Ecopetrol
Páramo;Boyacá;Parque Nacional Natural El Cocuy;PAR3_Cocuy;-72.33714;6.36137;25 ańos;COS;98.97237588;tC ha-1;PUJ / Ecopetrol
Páramo;Boyacá;Parque Nacional Natural El Cocuy;PARB3_Cocuy;-72.344682;6.379699;40 ańos;COS;92.81121007;tC ha-1;PUJ / Ecopetrol
Páramo;Boyacá;Parque Nacional Natural El Cocuy;PP3_Cocuy;-72.331146;6.359524;4 ańos;COS;36.04585996;tC ha-1;PUJ / Ecopetrol
Páramo;Boyacá;Parque Nacional Natural El Cocuy;PF3_Cocuy;-72.335507;6.35688;8 ańos;COS;93.61528664;tC ha-1;PUJ / Ecopetrol
Páramo;Boyacá;Parque Nacional Natural El Cocuy;PA3_Cocuy;-72.352058;6.387755;150 ańos;COS;116.1783438;tC ha-1;PUJ / Ecopetrol
Páramo;Boyacá;Parque Nacional Natural El Cocuy;PAR4_Cocuy;-72.336629;6.363675;25 ańos;COS;69.57794608;tC ha-1;PUJ / Ecopetrol
Páramo;Boyacá;Parque Nacional Natural El Cocuy;PARB4_Cocuy;-72.345075;6.38013;40 ańos;COS;107.7271336;tC ha-1;PUJ / Ecopetrol
Páramo;Boyacá;Parque Nacional Natural El Cocuy;PP4_Cocuy;-72.331491;6.358731;4 ańos;COS;25.80382174;tC ha-1;PUJ / Ecopetrol
Páramo;Boyacá;Parque Nacional Natural El Cocuy;PF4_Cocuy;-72.33564;6.357314;8 ańos;COS;52.90700626;tC ha-1;PUJ / Ecopetrol
Páramo;Boyacá;Parque Nacional Natural El Cocuy;PA4_Cocuy;-72.352277;6.38794;150 ańos;COS;53.33503199;tC ha-1;PUJ / Ecopetrol
Páramo;Boyacá;Parque Nacional Natural El Cocuy;PAR5_Cocuy;-72.336173;6.364334;25 ańos;COS;57.21824994;tC ha-1;PUJ / Ecopetrol
Páramo;Boyacá;Parque Nacional Natural El Cocuy;PARB5_Cocuy;-72.345093;6.379647;40 ańos;COS;103.7009426;tC ha-1;PUJ / Ecopetrol
Páramo;Boyacá;Parque Nacional Natural El Cocuy;PP5_Cocuy;-72.331706;6.360305;4 ańos;COS;41.59490453;tC ha-1;PUJ / Ecopetrol
Páramo;Boyacá;Parque Nacional Natural El Cocuy;PF5_Cocuy;-72.335222;6.35744;8 ańos;COS;86.76687922;tC ha-1;PUJ / Ecopetrol
Páramo;Boyacá;Parque Nacional Natural El Cocuy;PA5_Cocuy;-72.35273;6.387704;150 ańos;COS;131.6789809;tC ha-1;PUJ / Ecopetrol
Páramo;Boyacá;Parque Nacional Natural El Cocuy;PAR6_Cocuy;-72.334537;6.360195;15 ańos;COS;124.8716265;tC ha-1;PUJ / Ecopetrol
Páramo;Boyacá;Parque Nacional Natural El Cocuy;PAR7_Cocuy;-72.335138;6.360441;15 ańos;COS;171.2490816;tC ha-1;PUJ / Ecopetrol
Sabana;Meta;Ecoreserva de Campo Rubiales;SI1-SPF1Rub;-71.419972;3.820386;;COS;66.72507298;tC ha-1;PUJ / Ecopetrol
Sabana;Meta;Ecoreserva de Campo Rubiales;SS1-SPF1Rub;-71.432787;3.832541;;COS;101.8537341;tC ha-1;PUJ / Ecopetrol
Sabana;Meta;Ecoreserva de Campo Rubiales;SI2-SPF1Rub;-71.432532;3.830358;;COS;85.69612255;tC ha-1;PUJ / Ecopetrol
Sabana;Meta;Ecoreserva de Campo Rubiales;SS2-SPF1Rub;-71.421903;3.822035;;COS;74.5670374;tC ha-1;PUJ / Ecopetrol
Sabana;Meta;Ecoreserva de Campo Rubiales;SI1-SPF2Rub;-71.419289;3.820517;;COS;89.17683273;tC ha-1;PUJ / Ecopetrol
Sabana;Meta;Ecoreserva de Campo Rubiales;SS1-SPF2Rub;-71.432705;3.831929;;COS;83.88004772;tC ha-1;PUJ / Ecopetrol
Sabana;Meta;Ecoreserva de Campo Rubiales;SI2-SPF2Rub;-71.432403;3.829655;;COS;129.7234309;tC ha-1;PUJ / Ecopetrol
Sabana;Meta;Ecoreserva de Campo Rubiales;SS2-SPF2Rub;-71.422017;3.822702;;COS;84.61280534;tC ha-1;PUJ / Ecopetrol
Sabana;Meta;Ecoreserva de Campo Rubiales;SI1-SPF3Rub;-71.420126;3.821075;;COS;119.9959557;tC ha-1;PUJ / Ecopetrol
Sabana;Meta;Ecoreserva de Campo Rubiales;SS1-SPF3Rub;-71.433515;3.832515;;COS;68.31528486;tC ha-1;PUJ / Ecopetrol
Sabana;Meta;Ecoreserva de Campo Rubiales;SI2-SPF3Rub;-71.433228;3.830252;;COS;83.22222681;tC ha-1;PUJ / Ecopetrol
Sabana;Meta;Ecoreserva de Campo Rubiales;SS2-SPF3Rub;-71.421189;3.822151;;COS;53.92924147;tC ha-1;PUJ / Ecopetrol
Sabana;Meta;Ecoreserva de Campo Rubiales;SI1-SPF4Rub;-71.419846;3.819677;;COS;55.76309442;tC ha-1;PUJ / Ecopetrol
Sabana;Meta;Ecoreserva de Campo Rubiales;SS1-SPF4Rub;-71.432937;3.833345;;COS;72.42354046;tC ha-1;PUJ / Ecopetrol
Sabana;Meta;Ecoreserva de Campo Rubiales;SI2-SPF4Rub;-71.43265;3.831065;;COS;70.6242684;tC ha-1;PUJ / Ecopetrol
Sabana;Meta;Ecoreserva de Campo Rubiales;SS2-SPF4Rub;-71.421765;3.821299;;COS;65.21252709;tC ha-1;PUJ / Ecopetrol
Sabana;Meta;Ecoreserva de Campo Rubiales;SI1-SPF5Rub;-71.420698;3.820253;;COS;81.97092347;tC ha-1;PUJ / Ecopetrol
Sabana;Meta;Ecoreserva de Campo Rubiales;SS1-SPF5Rub;-71.432114;3.832764;;COS;55.23005379;tC ha-1;PUJ / Ecopetrol
Sabana;Meta;Ecoreserva de Campo Rubiales;SI2-SPF5Rub;-71.431828;3.830508;;COS;117.7282642;tC ha-1;PUJ / Ecopetrol
Sabana;Meta;Ecoreserva de Campo Rubiales;SS2-SPF5Rub;-71.422592;3.821874;;COS;84.00787901;tC ha-1;PUJ / Ecopetrol
Sabana;Meta;Reserva Natural de Rey Zamuro;SS1_RZ;-73.369757;3.531884;Conservado;COS;53.37460194;tC ha-1;PUJ / Ecopetrol
Sabana;Meta;Reserva Natural de Rey Zamuro;SS2_RZ;-73.368592;3.5307;Conservado;COS;44.51054714;tC ha-1;PUJ / Ecopetrol
Sabana;Meta;Reserva Natural de Rey Zamuro;SS3_RZ;-73.401413;3.52083;Degradado;COS;123.4189743;tC ha-1;PUJ / Ecopetrol
Sabana;Meta;Reserva Natural de Rey Zamuro;SS3_RZ;-73.401413;3.52083;Degradado;COS;40.48495311;tC ha-1;PUJ / Ecopetrol
Sabana;Meta;Reserva Natural de Rey Zamuro;SS4_RZ;-73.400243;3.520797;Degradado;COS;139.6609916;tC ha-1;PUJ / Ecopetrol
Sabana;Meta;Reserva Natural Yurumí ;SNI1_Yur;-72.523974;4.096998;Degradado;COS;97.51344135;tC ha-1;PUJ / Ecopetrol
Sabana;Meta;Reserva Natural Yurumí ;SNI1_Yur;-72.523974;4.096998;Degradado;COS;100.371701;tC ha-1;PUJ / Ecopetrol
Sabana;Meta;Reserva Natural Yurumí ;SNI2_Yur;-72.524007;4.097831;Degradado;COS;47.71832958;tC ha-1;PUJ / Ecopetrol
Sabana;Meta;Reserva Natural Yurumí ;SNI2_Yur;-72.524007;4.097831;Degradado;COS;57.55003771;tC ha-1;PUJ / Ecopetrol
Sabana;Meta;Reserva Natural Yurumí ;SNI3_Yur;-72.52314;4.097476;Degradado;COS;100.7767411;tC ha-1;PUJ / Ecopetrol
Sabana;Meta;Reserva Natural Yurumí ;SNI3_Yur;-72.52314;4.097476;Degradado;COS;104.683529;tC ha-1;PUJ / Ecopetrol
Turberas;Boyacá;Parque Nacional Natural El Cocuy;;-72.327192;6.3487126;Conservada;COS;208.9529926;tC ha-1;PUJ / Ecopetrol
Turberas;Boyacá;Parque Nacional Natural El Cocuy;;-72.3510001;6.494033;Degradada;COS;100.0768542;tC ha-1;PUJ / Ecopetrol
Turberas;Boyacá;Parque Nacional Natural El Cocuy;;-72.3403437;6.3829325;Conservada;COS;518.0517005;tC ha-1;PUJ / Ecopetrol
Turberas;Boyacá;Parque Nacional Natural El Cocuy;;-72.7361129;6.9582022;Degradada;COS;139.3742049;tC ha-1;PUJ / Ecopetrol
SAF Cacao;Santander;USTA - Jardín Clonal;;-73.052;7.008679;SAF;BA;95.7;tC ha-1;USTA / Ecopetrol
SAF Cacao;Santander;USTA - Jardín Clonal;;-73.052;7.008679;SAF;CDM;11.575;tC ha-1;USTA / Ecopetrol
SAF Cacao;Santander;USTA - Jardín Clonal;;-73.052;7.008679;SAF;COS;66.675;tC ha-1;USTA / Ecopetrol
SAF Cacao;Santander;USTA - Experimental;;-73.052;7.008679;SAF;BA;31.31538462;tC ha-1;USTA / Ecopetrol
SAF Cacao;Santander;USTA - Jardín Clonal;;-73.052;7.008679;SAF;CDM;0.215384615;tC ha-1;USTA / Ecopetrol
SAF Cacao;Santander;USTA - Experimental;;-73.052;7.008679;SAF;COS;72.15384615;tC ha-1;USTA / Ecopetrol
Humedales Ciénaga;Barrancabermeja;Ciénaga San Silvestre - El Llanito;;-73.8367;7.10417;Degradado;BA;10;tC ha-1;UNIPAZ / Ecopetrol
Humedales Ciénaga;Barrancabermeja;Ciénaga San Silvestre - El Llanito;;-73.8367;7.10417;Degradado;BA;162;tC ha-1;UNIPAZ / Ecopetrol
Turberas;Cerrito;Páramo Almorzadero - Laguna tapada;;-72.735299;6.957999;Degradado;COS;551;tC ha-1;DATUM / Ecopetrol
Turberas;Cerrito;Páramo Almorzadero - Laguna tapada;;-72.735299;6.957999;Degradado;COS;137.6;g C m-2 ańo-1;DATUM / Ecopetrol
Turberas;Cerrito;Páramo Almorzadero - Laguna tapada;;-72.735299;6.958;Degradado;COS;236.8;g C m-2 ańo-1;DATUM / Ecopetrol
Turberas;Cerrito;Páramo Almorzadero - Laguna tapada;;-72.735299;6.958001;Degradado;COS;274;g C m-2 ańo-1;DATUM / Ecopetrol
Turberas;Cerrito;Páramo Almorzadero - Laguna tapada;;-72.735299;6.958002;Degradado;COS;323;g C m-2 ańo-1;DATUM / Ecopetrol
Turberas;Cerrito;Páramo Almorzadero - Laguna tapada;;-72.735299;6.958002;Degradado;COS;139.3742049;tC ha-1;DATUM / Ecopetrol
Humedales Ciénaga;Chimichagua;Ciénaga Zapatosa;;-73.798178;9.24275;Degradado;COS;12.41661998;tC ha-1;PUJ / Ecopetrol
Humedales Ciénaga;Chimichagua;Ciénaga Zapatosa;;-73.798178;9.24275;Degradado;COS;10.42531194;tC ha-1;PUJ / Ecopetrol
Humedales Ciénaga;Chimichagua;Ciénaga Zapatosa;;-73.798178;9.24275;Degradado;COS;14.90514388;tC ha-1;PUJ / Ecopetrol
Humedales Ciénaga;Chimichagua;Ciénaga Zapatosa;;-73.798178;9.24275;Degradado;COS;8.538209829;tC ha-1;PUJ / Ecopetrol
Humedales Ciénaga;Chimichagua;Ciénaga Zapatosa;;-73.798178;9.24275;Degradado;COS;16.625;tC ha-1;PUJ / Ecopetrol
Humedales Ciénaga;Chimichagua;Ciénaga Zapatosa;;-73.798178;9.24275;Degradado;COS;9.25;tC ha-1;PUJ / Ecopetrol
Humedales Ciénaga;Chimichagua;Ciénaga Zapatosa;;-73.798178;9.24275;Degradado;COS;14.80477039;tC ha-1;PUJ / Ecopetrol
Humedales Ciénaga;Chimichagua;Ciénaga Zapatosa;;-73.798178;9.24275;Degradado;COS;13.99646889;tC ha-1;PUJ / Ecopetrol
Humedales Ciénaga;Chimichagua;Ciénaga Zapatosa;;-73.798178;9.24275;Degradado;COS;15.72212885;tC ha-1;PUJ / Ecopetrol
Humedales Ciénaga;Chimichagua;Ciénaga Zapatosa;;-73.798178;9.24275;Degradado;COS;13.14015788;tC ha-1;PUJ / Ecopetrol
Humedales Ciénaga;Chimichagua;Ciénaga Zapatosa;;-73.798178;9.24275;Degradado;COS;18.80145998;tC ha-1;PUJ / Ecopetrol
Humedales Ciénaga;Chimichagua;Ciénaga Zapatosa;;-73.798178;9.24275;Degradado;COS;12.11866565;tC ha-1;PUJ / Ecopetrol
Humedales Ciénaga;Chimichagua;Ciénaga Zapatosa;;-73.798178;9.24275;Degradado;COS;17.03484424;tC ha-1;PUJ / Ecopetrol
Humedales Ciénaga;Chimichagua;Ciénaga Zapatosa;;-73.798178;9.24275;Degradado;COS;14.67358034;tC ha-1;PUJ / Ecopetrol
Humedales Ciénaga;Chimichagua;Ciénaga Zapatosa;;-73.798178;9.24275;Degradado;COS;17.99337917;tC ha-1;PUJ / Ecopetrol
Humedales Ciénaga;Chimichagua;Ciénaga Zapatosa;;-73.798178;9.24275;Degradado;COS;16.56226127;tC ha-1;PUJ / Ecopetrol
Humedales Ciénaga;Chimichagua;Ciénaga Zapatosa;;-73.798178;9.24275;Degradado;COS;17.44430863;tC ha-1;PUJ / Ecopetrol
Humedales Ciénaga;Chimichagua;Ciénaga Zapatosa;;-73.798178;9.24275;Degradado;COS;18.71998981;tC ha-1;PUJ / Ecopetrol
Humedales Ciénaga;Chimichagua;Ciénaga Zapatosa;;-73.798178;9.24275;Degradado;COS;19.73207707;tC ha-1;PUJ / Ecopetrol
Humedales Ciénaga;Chimichagua;Ciénaga Zapatosa;;-73.798178;9.24275;Degradado;COS;17.43705967;tC ha-1;PUJ / Ecopetrol
Humedales Ciénaga;Chimichagua;Ciénaga Zapatosa;;-73.798178;9.24275;Degradado;COS;18.366429;tC ha-1;PUJ / Ecopetrol
Humedales Ciénaga;Chimichagua;Ciénaga Zapatosa;;-73.798178;9.24275;Degradado;COS;20.04074357;tC ha-1;PUJ / Ecopetrol
Humedales Ciénaga;Chimichagua;Ciénaga Zapatosa;;-73.798178;9.24275;Degradado;COS;24.50177404;tC ha-1;PUJ / Ecopetrol
Humedales Ciénaga;Chimichagua;Ciénaga Zapatosa;;-73.798178;9.24275;Degradado;COS;16.46350904;tC ha-1;PUJ / Ecopetrol
Humedales Ciénaga;Chimichagua;Ciénaga Zapatosa;;-73.798178;9.24275;Degradado;COS;24.61937017;tC ha-1;PUJ / Ecopetrol
Humedales Ciénaga;Chimichagua;Ciénaga Zapatosa;;-73.798178;9.24275;Degradado;COS;16.37057975;tC ha-1;PUJ / Ecopetrol
Humedales Ciénaga;Chimichagua;Ciénaga Zapatosa;;-73.798178;9.24275;Degradado;COS;19.86299126;tC ha-1;PUJ / Ecopetrol
Humedales Ciénaga;Chimichagua;Ciénaga Zapatosa;;-73.798178;9.24275;Degradado;COS;22.13441558;tC ha-1;PUJ / Ecopetrol
Humedales Ciénaga;Chimichagua;Ciénaga Zapatosa;;-73.798178;9.24275;Degradado;COS;21.41468466;tC ha-1;PUJ / Ecopetrol
Humedales Ciénaga;Chimichagua;Ciénaga Zapatosa;;-73.798178;9.24275;Degradado;COS;20.92003226;tC ha-1;PUJ / Ecopetrol
Humedales Ciénaga;Chimichagua;Ciénaga Zapatosa;;-73.798178;9.24275;Degradado;COS;23.69236907;tC ha-1;PUJ / Ecopetrol
Humedales Ciénaga;Chimichagua;Ciénaga Zapatosa;;-73.798178;9.24275;Degradado;COS;21.01911552;tC ha-1;PUJ / Ecopetrol
Humedales Ciénaga;Chimichagua;Ciénaga Zapatosa;;-73.798178;9.24275;Degradado;COS;25.44749172;tC ha-1;PUJ / Ecopetrol
Humedales Ciénaga;Chimichagua;Ciénaga Zapatosa;;-73.798178;9.24275;Degradado;COS;20.28831169;tC ha-1;PUJ / Ecopetrol
Humedales Ciénaga;Chimichagua;Ciénaga Zapatosa;;-73.798178;9.24275;Degradado;COS;37.97794754;tC ha-1;PUJ / Ecopetrol
Humedales Ciénaga;Chimichagua;Ciénaga Zapatosa;;-73.798178;9.24275;Degradado;COS;15.79618029;tC ha-1;PUJ / Ecopetrol
Humedales Ciénaga;Chimichagua;Ciénaga Zapatosa;;-73.798178;9.24275;Degradado;COS;32.51539767;tC ha-1;PUJ / Ecopetrol
Humedales Ciénaga;Chimichagua;Ciénaga Zapatosa;;-73.798178;9.24275;Degradado;COS;24.57370342;tC ha-1;PUJ / Ecopetrol
Humedales Ciénaga;Chimichagua;Ciénaga Zapatosa;;-73.798178;9.24275;Degradado;COS;39.27379679;tC ha-1;PUJ / Ecopetrol
Humedales Ciénaga;Chimichagua;Ciénaga Zapatosa;;-73.798178;9.24275;Degradado;COS;18.2838299;tC ha-1;PUJ / Ecopetrol
Humedales Ciénaga;Chimichagua;Ciénaga Zapatosa;;-73.798178;9.24275;Degradado;COS;53.73771327;tC ha-1;PUJ / Ecopetrol
Humedales Ciénaga;Chimichagua;Ciénaga Zapatosa;;-73.798178;9.24275;Degradado;COS;47.39954163;tC ha-1;PUJ / Ecopetrol
Humedales Ciénaga;Chimichagua;Ciénaga Zapatosa;;-73.798178;9.24275;Degradado;COS;71.7280112;tC ha-1;PUJ / Ecopetrol
Humedales Ciénaga;Chimichagua;Ciénaga Zapatosa;;-73.798178;9.24275;Degradado;COS;32.00652746;tC ha-1;PUJ / Ecopetrol
Humedales Ciénaga;Chimichagua;Ciénaga Zapatosa;;-73.798178;9.24275;Degradado;BA;27.34;tC ha-1;PUJ / Ecopetrol
Humedales Ciénaga;Chimichagua;Ciénaga Zapatosa;;-73.798178;9.24275;Degradado;BA;66.33;tC ha-1;PUJ / Ecopetrol
Humedales Ciénaga;Chimichagua;Ciénaga Zapatosa;;-73.798178;9.24275;Degradado;BA;6.55;tC ha-1;PUJ / Ecopetrol
Humedales Ciénaga;Chimichagua;Ciénaga Zapatosa;;-73.798178;9.24275;Degradado;BA;11.53;tC ha-1;PUJ / Ecopetrol
Humedales Ciénaga;Chimichagua;Ciénaga Zapatosa;;-73.798178;9.24275;Degradado;BA;31.08;tC ha-1;PUJ / Ecopetrol
Humedales Ciénaga;Chimichagua;Ciénaga Zapatosa;;-73.798178;9.24275;Degradado;BA;18.7;tC ha-1;PUJ / Ecopetrol
Manglar;DMI Cispatá; Bahía de Cispatá ;;-75.825;9.4;;BA;61.1;tC ha-1;Carbón y Bosques / Ecopetrol
Manglar;DMI Cispatá; Bahía de Cispatá ;;-75.825;9.4;;BR;25.274;tC ha-1;Carbón y Bosques / Ecopetrol
Manglar;DMI Cispatá; Bahía de Cispatá ;;-75.825;9.4;;CDM;26.17;tC ha-1;Carbón y Bosques / Ecopetrol
Manglar;DMI Cispatá; Bahía de Cispatá ;;-75.825;9.4;;COS;417.4;tC ha-1;Carbón y Bosques / Ecopetrol
Manglar;DMI Cispatá; Bahía de Cispatá ;;-75.825;9.4;;COS;180.61;tC ha-1;Carbón y Bosques / Ecopetrol
Manglar;DMI Cispatá; Bahía de Cispatá ;;-75.825;9.4;;COS;234.59;tC ha-1;Carbón y Bosques / Ecopetrol
Manglar;DMI Cispatá; Bahía de Cispatá ;;-75.825;9.4;;COS;303.42;tC ha-1;Carbón y Bosques / Ecopetrol
Manglar;DMI Cispatá; Bahía de Cispatá ;;-75.825;9.4;;COS;14.36;tC ha-1;Carbón y Bosques / Ecopetrol
Manglar;DMI Cispatá; Bahía de Cispatá ;;-75.825;9.4;;COS;22.67;tC ha-1;Carbón y Bosques / Ecopetrol
Manglar;DMI Cispatá; Bahía de Cispatá ;;-75.825;9.4;;COS;40.85;tC ha-1;Carbón y Bosques / Ecopetrol
Manglar;DMI Cispatá; Bahía de Cispatá ;;-75.825;9.4;;COS;9.49;tC ha-1;Carbón y Bosques / Ecopetrol
Manglar;DMI Cispatá; Bahía de Cispatá ;;-75.825;9.4;;COS;33.81;tC ha-1;Carbón y Bosques / Ecopetrol
Manglar;DMI Cispatá; Bahía de Cispatá ;;-75.825;9.4;;COS;77.67;tC ha-1;Carbón y Bosques / Ecopetrol
Manglar;DMI Cispatá; Bahía de Cispatá ;1 parcela permanente -2012;;;;BA;69.3438;tC ha-1;Carbón y Bosques / Ecopetrol
Manglar;DMI Cispatá; Bahía de Cispatá ;1 parcela permanente -2012;;;;BR;28.430958;tC ha-1;Carbón y Bosques / Ecopetrol
Manglar;DMI Cispatá; Bahía de Cispatá ;1 parcela permanente -2012;;;;CDM;13.86876;tC ha-1;Carbón y Bosques / Ecopetrol
Manglar;DMI Cispatá; Bahía de Cispatá ;1 parcela permanente -2012;;;;CHj;3.46719;tC ha-1;Carbón y Bosques / Ecopetrol
Manglar;DMI Cispatá; Bahía de Cispatá ;1 parcela permanente -2022;;;;BA;65.5791;tC ha-1;Carbón y Bosques / Ecopetrol
Manglar;DMI Cispatá; Bahía de Cispatá ;1 parcela permanente -2022;;;;BR;26.887431;tC ha-1;Carbón y Bosques / Ecopetrol
Manglar;DMI Cispatá; Bahía de Cispatá ;1 parcela permanente -2022;;;;CDM;13.11582;tC ha-1;Carbón y Bosques / Ecopetrol
Manglar;DMI Cispatá; Bahía de Cispatá ;1 parcela permanente -2022;;;;CHj;3.278955;tC ha-1;Carbón y Bosques / Ecopetrol
Manglar;DMI Cispatá; Bahía de Cispatá ;1 parcela permanente -2012;;;;COS;486.100038;tC ha-1;Carbón y Bosques / Ecopetrol
Manglar;DMI Cispatá; Bahía de Cispatá ;1 parcela permanente -2022;;;;COS;459.709491;tC ha-1;Carbón y Bosques / Ecopetrol
Manglar;DMI Cispatá; Bahía de Cispatá ;2 parcela permanente -2012;;;;BA;107.8697;tC ha-1;Carbón y Bosques / Ecopetrol
Manglar;DMI Cispatá; Bahía de Cispatá ;2 parcela permanente -2012;;;;BR;44.226577;tC ha-1;Carbón y Bosques / Ecopetrol
Manglar;DMI Cispatá; Bahía de Cispatá ;2 parcela permanente -2012;;;;CDM;21.57394;tC ha-1;Carbón y Bosques / Ecopetrol
Manglar;DMI Cispatá; Bahía de Cispatá ;2 parcela permanente -2012;;;;CHj;5.393485;tC ha-1;Carbón y Bosques / Ecopetrol
Manglar;DMI Cispatá; Bahía de Cispatá ;2 parcela permanente -2022;;;;BA;108.4149;tC ha-1;Carbón y Bosques / Ecopetrol
Manglar;DMI Cispatá; Bahía de Cispatá ;2 parcela permanente -2022;;;;BR;44.450109;tC ha-1;Carbón y Bosques / Ecopetrol
Manglar;DMI Cispatá; Bahía de Cispatá ;2 parcela permanente -2022;;;;CDM;21.68298;tC ha-1;Carbón y Bosques / Ecopetrol
Manglar;DMI Cispatá; Bahía de Cispatá ;2 parcela permanente -2022;;;;CHj;5.420745;tC ha-1;Carbón y Bosques / Ecopetrol
Manglar;DMI Cispatá; Bahía de Cispatá ;2 parcela permanente -2012;;;;COS;756.166597;tC ha-1;Carbón y Bosques / Ecopetrol
Manglar;DMI Cispatá; Bahía de Cispatá ;2 parcela permanente -2022;;;;COS;759.988449;tC ha-1;Carbón y Bosques / Ecopetrol
Manglar;DMI Cispatá; Bahía de Cispatá ;3 parcela permanente -2012;;;;BA;56.0475;tC ha-1;Carbón y Bosques / Ecopetrol
Manglar;DMI Cispatá; Bahía de Cispatá ;3 parcela permanente -2012;;;;BR;22.979475;tC ha-1;Carbón y Bosques / Ecopetrol
Manglar;DMI Cispatá; Bahía de Cispatá ;3 parcela permanente -2012;;;;CDM;11.2095;tC ha-1;Carbón y Bosques / Ecopetrol
Manglar;DMI Cispatá; Bahía de Cispatá ;3 parcela permanente -2012;;;;CHj;2.802375;tC ha-1;Carbón y Bosques / Ecopetrol
Manglar;DMI Cispatá; Bahía de Cispatá ;3 parcela permanente -2022;;;;BA;61.053;tC ha-1;Carbón y Bosques / Ecopetrol
Manglar;DMI Cispatá; Bahía de Cispatá ;3 parcela permanente -2022;;;;BR;25.03173;tC ha-1;Carbón y Bosques / Ecopetrol
Manglar;DMI Cispatá; Bahía de Cispatá ;3 parcela permanente -2022;;;;CDM;12.2106;tC ha-1;Carbón y Bosques / Ecopetrol
Manglar;DMI Cispatá; Bahía de Cispatá ;3 parcela permanente -2022;;;;CHj;3.05265;tC ha-1;Carbón y Bosques / Ecopetrol
Manglar;DMI Cispatá; Bahía de Cispatá ;3 parcela permanente -2012;;;;COS;392.892975;tC ha-1;Carbón y Bosques / Ecopetrol
Manglar;DMI Cispatá; Bahía de Cispatá ;3 parcela permanente -2022;;;;COS;427.98153;tC ha-1;Carbón y Bosques / Ecopetrol
Manglar;DMI Cispatá; Bahía de Cispatá ;4 parcela permanente -2012;;;;BA;72.1497;tC ha-1;Carbón y Bosques / Ecopetrol
Manglar;DMI Cispatá; Bahía de Cispatá ;4 parcela permanente -2012;;;;BR;29.581377;tC ha-1;Carbón y Bosques / Ecopetrol
Manglar;DMI Cispatá; Bahía de Cispatá ;4 parcela permanente -2012;;;;CDM;14.42994;tC ha-1;Carbón y Bosques / Ecopetrol
Manglar;DMI Cispatá; Bahía de Cispatá ;4 parcela permanente -2012;;;;CHj;3.607485;tC ha-1;Carbón y Bosques / Ecopetrol
Manglar;DMI Cispatá; Bahía de Cispatá ;4 parcela permanente -2022;;;;BA;88.0874;tC ha-1;Carbón y Bosques / Ecopetrol
Manglar;DMI Cispatá; Bahía de Cispatá ;4 parcela permanente -2022;;;;BR;36.115834;tC ha-1;Carbón y Bosques / Ecopetrol
Manglar;DMI Cispatá; Bahía de Cispatá ;4 parcela permanente -2022;;;;CDM;17.61748;tC ha-1;Carbón y Bosques / Ecopetrol
Manglar;DMI Cispatá; Bahía de Cispatá ;4 parcela permanente -2022;;;;CHj;4.40437;tC ha-1;Carbón y Bosques / Ecopetrol
Manglar;DMI Cispatá; Bahía de Cispatá ;4 parcela permanente -2012;;;;COS;505.769397;tC ha-1;Carbón y Bosques / Ecopetrol
Manglar;DMI Cispatá; Bahía de Cispatá ;4 parcela permanente -2022;;;;COS;617.492674;tC ha-1;Carbón y Bosques / Ecopetrol
Manglar;DMI Cispatá; Bahía de Cispatá ;5 parcela permanente -2012;;;;BA;37.6987;tC ha-1;Carbón y Bosques / Ecopetrol
Manglar;DMI Cispatá; Bahía de Cispatá ;5 parcela permanente -2012;;;;BR;15.456467;tC ha-1;Carbón y Bosques / Ecopetrol
Manglar;DMI Cispatá; Bahía de Cispatá ;5 parcela permanente -2012;;;;CDM;7.53974;tC ha-1;Carbón y Bosques / Ecopetrol
Manglar;DMI Cispatá; Bahía de Cispatá ;5 parcela permanente -2012;;;;CHj;1.884935;tC ha-1;Carbón y Bosques / Ecopetrol
Manglar;DMI Cispatá; Bahía de Cispatá ;5 parcela permanente -2022;;;;BA;39.5176;tC ha-1;Carbón y Bosques / Ecopetrol
Manglar;DMI Cispatá; Bahía de Cispatá ;5 parcela permanente -2022;;;;BR;16.202216;tC ha-1;Carbón y Bosques / Ecopetrol
Manglar;DMI Cispatá; Bahía de Cispatá ;5 parcela permanente -2022;;;;CDM;7.90352;tC ha-1;Carbón y Bosques / Ecopetrol
Manglar;DMI Cispatá; Bahía de Cispatá ;5 parcela permanente -2022;;;;CHj;1.97588;tC ha-1;Carbón y Bosques / Ecopetrol
Manglar;DMI Cispatá; Bahía de Cispatá ;5 parcela permanente -2012;;;;COS;264.267887;tC ha-1;Carbón y Bosques / Ecopetrol
Manglar;DMI Cispatá; Bahía de Cispatá ;5 parcela permanente -2022;;;;COS;277.018376;tC ha-1;Carbón y Bosques / Ecopetrol
Manglar;DMI Cispatá; Bahía de Cispatá ;6 parcela permanente -2012;;;;BA;57.7348;tC ha-1;Carbón y Bosques / Ecopetrol
Manglar;DMI Cispatá; Bahía de Cispatá ;6 parcela permanente -2012;;;;BR;23.671268;tC ha-1;Carbón y Bosques / Ecopetrol
Manglar;DMI Cispatá; Bahía de Cispatá ;6 parcela permanente -2012;;;;CDM;11.54696;tC ha-1;Carbón y Bosques / Ecopetrol
Manglar;DMI Cispatá; Bahía de Cispatá ;6 parcela permanente -2012;;;;CHj;2.88674;tC ha-1;Carbón y Bosques / Ecopetrol
Manglar;DMI Cispatá; Bahía de Cispatá ;6 parcela permanente -2022;;;;BA;71.4212;tC ha-1;Carbón y Bosques / Ecopetrol
Manglar;DMI Cispatá; Bahía de Cispatá ;6 parcela permanente -2022;;;;BR;29.282692;tC ha-1;Carbón y Bosques / Ecopetrol
Manglar;DMI Cispatá; Bahía de Cispatá ;6 parcela permanente -2022;;;;CDM;14.28424;tC ha-1;Carbón y Bosques / Ecopetrol
Manglar;DMI Cispatá; Bahía de Cispatá ;6 parcela permanente -2022;;;;CHj;3.57106;tC ha-1;Carbón y Bosques / Ecopetrol
Manglar;DMI Cispatá; Bahía de Cispatá ;6 parcela permanente -2012;;;;COS;404.720948;tC ha-1;Carbón y Bosques / Ecopetrol
Manglar;DMI Cispatá; Bahía de Cispatá ;6 parcela permanente -2022;;;;COS;500.662612;tC ha-1;Carbón y Bosques / Ecopetrol
Manglar;DMI Cispatá; Bahía de Cispatá ;7 parcela permanente -2012;;;;BA;74.8569;tC ha-1;Carbón y Bosques / Ecopetrol
Manglar;DMI Cispatá; Bahía de Cispatá ;7 parcela permanente -2012;;;;BR;30.691329;tC ha-1;Carbón y Bosques / Ecopetrol
Manglar;DMI Cispatá; Bahía de Cispatá ;7 parcela permanente -2012;;;;CDM;14.97138;tC ha-1;Carbón y Bosques / Ecopetrol
Manglar;DMI Cispatá; Bahía de Cispatá ;7 parcela permanente -2012;;;;CHj;3.742845;tC ha-1;Carbón y Bosques / Ecopetrol
Manglar;DMI Cispatá; Bahía de Cispatá ;7 parcela permanente -2022;;;;BA;91.2223;tC ha-1;Carbón y Bosques / Ecopetrol
Manglar;DMI Cispatá; Bahía de Cispatá ;7 parcela permanente -2022;;;;BR;37.401143;tC ha-1;Carbón y Bosques / Ecopetrol
Manglar;DMI Cispatá; Bahía de Cispatá ;7 parcela permanente -2022;;;;CDM;18.24446;tC ha-1;Carbón y Bosques / Ecopetrol
Manglar;DMI Cispatá; Bahía de Cispatá ;7 parcela permanente -2022;;;;CHj;4.561115;tC ha-1;Carbón y Bosques / Ecopetrol
Manglar;DMI Cispatá; Bahía de Cispatá ;7 parcela permanente -2012;;;;COS;524.746869;tC ha-1;Carbón y Bosques / Ecopetrol
Manglar;DMI Cispatá; Bahía de Cispatá ;7 parcela permanente -2022;;;;COS;639.468323;tC ha-1;Carbón y Bosques / Ecopetrol
Manglar;DMI Cispatá; Bahía de Cispatá ;8 parcela permanente -2012;;;;BA;42.5538;tC ha-1;Carbón y Bosques / Ecopetrol
Manglar;DMI Cispatá; Bahía de Cispatá ;8 parcela permanente -2012;;;;BR;17.447058;tC ha-1;Carbón y Bosques / Ecopetrol
Manglar;DMI Cispatá; Bahía de Cispatá ;8 parcela permanente -2012;;;;CDM;8.51076;tC ha-1;Carbón y Bosques / Ecopetrol
Manglar;DMI Cispatá; Bahía de Cispatá ;8 parcela permanente -2012;;;;CHj;2.12769;tC ha-1;Carbón y Bosques / Ecopetrol
Manglar;DMI Cispatá; Bahía de Cispatá ;8 parcela permanente -2022;;;;BA;47.9541;tC ha-1;Carbón y Bosques / Ecopetrol
Manglar;DMI Cispatá; Bahía de Cispatá ;8 parcela permanente -2022;;;;BR;19.661181;tC ha-1;Carbón y Bosques / Ecopetrol
Manglar;DMI Cispatá; Bahía de Cispatá ;8 parcela permanente -2022;;;;CDM;9.59082;tC ha-1;Carbón y Bosques / Ecopetrol
Manglar;DMI Cispatá; Bahía de Cispatá ;8 parcela permanente -2022;;;;CHj;2.397705;tC ha-1;Carbón y Bosques / Ecopetrol
Manglar;DMI Cispatá; Bahía de Cispatá ;8 parcela permanente -2012;;;;COS;298.302138;tC ha-1;Carbón y Bosques / Ecopetrol
Manglar;DMI Cispatá; Bahía de Cispatá ;8 parcela permanente -2022;;;;COS;336.158241;tC ha-1;Carbón y Bosques / Ecopetrol
Manglar;DMI Cispatá; Bahía de Cispatá ;9 parcela permanente -2012;;;;BA;71.0734;tC ha-1;Carbón y Bosques / Ecopetrol
Manglar;DMI Cispatá; Bahía de Cispatá ;9 parcela permanente -2012;;;;BR;29.140094;tC ha-1;Carbón y Bosques / Ecopetrol
Manglar;DMI Cispatá; Bahía de Cispatá ;9 parcela permanente -2012;;;;CDM;14.21468;tC ha-1;Carbón y Bosques / Ecopetrol
Manglar;DMI Cispatá; Bahía de Cispatá ;9 parcela permanente -2012;;;;CHj;3.55367;tC ha-1;Carbón y Bosques / Ecopetrol
Manglar;DMI Cispatá; Bahía de Cispatá ;9 parcela permanente -2022;;;;BA;88.266;tC ha-1;Carbón y Bosques / Ecopetrol
Manglar;DMI Cispatá; Bahía de Cispatá ;9 parcela permanente -2022;;;;BR;36.18906;tC ha-1;Carbón y Bosques / Ecopetrol
Manglar;DMI Cispatá; Bahía de Cispatá ;9 parcela permanente -2022;;;;CDM;17.6532;tC ha-1;Carbón y Bosques / Ecopetrol
Manglar;DMI Cispatá; Bahía de Cispatá ;9 parcela permanente -2022;;;;CHj;4.4133;tC ha-1;Carbón y Bosques / Ecopetrol
Manglar;DMI Cispatá; Bahía de Cispatá ;9 parcela permanente -2012;;;;COS;498.224534;tC ha-1;Carbón y Bosques / Ecopetrol
Manglar;DMI Cispatá; Bahía de Cispatá ;9 parcela permanente -2022;;;;COS;618.74466;tC ha-1;Carbón y Bosques / Ecopetrol
Manglar;DMI Cispatá; Bahía de Cispatá ;10 parcela permanente -2012;;;;BA;62.1152;tC ha-1;Carbón y Bosques / Ecopetrol
Manglar;DMI Cispatá; Bahía de Cispatá ;10 parcela permanente -2012;;;;BR;25.467232;tC ha-1;Carbón y Bosques / Ecopetrol
Manglar;DMI Cispatá; Bahía de Cispatá ;10 parcela permanente -2012;;;;CDM;12.42304;tC ha-1;Carbón y Bosques / Ecopetrol
Manglar;DMI Cispatá; Bahía de Cispatá ;10 parcela permanente -2012;;;;CHj;3.10576;tC ha-1;Carbón y Bosques / Ecopetrol
Manglar;DMI Cispatá; Bahía de Cispatá ;10 parcela permanente -2022;;;;BA;67.8022;tC ha-1;Carbón y Bosques / Ecopetrol
Manglar;DMI Cispatá; Bahía de Cispatá ;10 parcela permanente -2022;;;;BR;27.798902;tC ha-1;Carbón y Bosques / Ecopetrol
Manglar;DMI Cispatá; Bahía de Cispatá ;10 parcela permanente -2022;;;;CDM;13.56044;tC ha-1;Carbón y Bosques / Ecopetrol
Manglar;DMI Cispatá; Bahía de Cispatá ;10 parcela permanente -2022;;;;CHj;3.39011;tC ha-1;Carbón y Bosques / Ecopetrol
Manglar;DMI Cispatá; Bahía de Cispatá ;10 parcela permanente -2012;;;;COS;435.427552;tC ha-1;Carbón y Bosques / Ecopetrol
Manglar;DMI Cispatá; Bahía de Cispatá ;10 parcela permanente -2022;;;;COS;475.293422;tC ha-1;Carbón y Bosques / Ecopetrol
Manglar;DMI Cispatá; Bahía de Cispatá ;11 parcela permanente -2012;;;;BA;47.8413;tC ha-1;Carbón y Bosques / Ecopetrol
Manglar;DMI Cispatá; Bahía de Cispatá ;11 parcela permanente -2012;;;;BR;19.614933;tC ha-1;Carbón y Bosques / Ecopetrol
Manglar;DMI Cispatá; Bahía de Cispatá ;11 parcela permanente -2012;;;;CDM;9.56826;tC ha-1;Carbón y Bosques / Ecopetrol
Manglar;DMI Cispatá; Bahía de Cispatá ;11 parcela permanente -2012;;;;CHj;2.392065;tC ha-1;Carbón y Bosques / Ecopetrol
Manglar;DMI Cispatá; Bahía de Cispatá ;11 parcela permanente -2022;;;;BA;58.7453;tC ha-1;Carbón y Bosques / Ecopetrol
Manglar;DMI Cispatá; Bahía de Cispatá ;11 parcela permanente -2022;;;;BR;24.085573;tC ha-1;Carbón y Bosques / Ecopetrol
Manglar;DMI Cispatá; Bahía de Cispatá ;11 parcela permanente -2022;;;;CDM;11.74906;tC ha-1;Carbón y Bosques / Ecopetrol
Manglar;DMI Cispatá; Bahía de Cispatá ;11 parcela permanente -2022;;;;CHj;2.937265;tC ha-1;Carbón y Bosques / Ecopetrol
Manglar;DMI Cispatá; Bahía de Cispatá ;11 parcela permanente -2012;;;;COS;335.367513;tC ha-1;Carbón y Bosques / Ecopetrol
Manglar;DMI Cispatá; Bahía de Cispatá ;11 parcela permanente -2022;;;;COS;411.804553;tC ha-1;Carbón y Bosques / Ecopetrol
Manglar;DMI Cispatá; Bahía de Cispatá ;12 parcela permanente -2012;;;;BA;42.0274;tC ha-1;Carbón y Bosques / Ecopetrol
Manglar;DMI Cispatá; Bahía de Cispatá ;12 parcela permanente -2012;;;;BR;17.231234;tC ha-1;Carbón y Bosques / Ecopetrol
Manglar;DMI Cispatá; Bahía de Cispatá ;12 parcela permanente -2012;;;;CDM;8.40548;tC ha-1;Carbón y Bosques / Ecopetrol
Manglar;DMI Cispatá; Bahía de Cispatá ;12 parcela permanente -2012;;;;CHj;2.10137;tC ha-1;Carbón y Bosques / Ecopetrol
Manglar;DMI Cispatá; Bahía de Cispatá ;12 parcela permanente -2022;;;;BA;50.6096;tC ha-1;Carbón y Bosques / Ecopetrol
Manglar;DMI Cispatá; Bahía de Cispatá ;12 parcela permanente -2022;;;;BR;20.749936;tC ha-1;Carbón y Bosques / Ecopetrol
Manglar;DMI Cispatá; Bahía de Cispatá ;12 parcela permanente -2022;;;;CDM;10.12192;tC ha-1;Carbón y Bosques / Ecopetrol
Manglar;DMI Cispatá; Bahía de Cispatá ;12 parcela permanente -2022;;;;CHj;2.53048;tC ha-1;Carbón y Bosques / Ecopetrol
Manglar;DMI Cispatá; Bahía de Cispatá ;12 parcela permanente -2012;;;;COS;294.612074;tC ha-1;Carbón y Bosques / Ecopetrol
Manglar;DMI Cispatá; Bahía de Cispatá ;12 parcela permanente -2022;;;;COS;354.773296;tC ha-1;Carbón y Bosques / Ecopetrol
Manglar;DMI Cispatá; Bahía de Cispatá ;13 parcela permanente -2012;;;;BA;33.9669;tC ha-1;Carbón y Bosques / Ecopetrol
Manglar;DMI Cispatá; Bahía de Cispatá ;13 parcela permanente -2012;;;;BR;13.926429;tC ha-1;Carbón y Bosques / Ecopetrol
Manglar;DMI Cispatá; Bahía de Cispatá ;13 parcela permanente -2012;;;;CDM;6.79338;tC ha-1;Carbón y Bosques / Ecopetrol
Manglar;DMI Cispatá; Bahía de Cispatá ;13 parcela permanente -2012;;;;CHj;1.698345;tC ha-1;Carbón y Bosques / Ecopetrol
Manglar;DMI Cispatá; Bahía de Cispatá ;13 parcela permanente -2022;;;;BA;46.1634;tC ha-1;Carbón y Bosques / Ecopetrol
Manglar;DMI Cispatá; Bahía de Cispatá ;13 parcela permanente -2022;;;;BR;18.926994;tC ha-1;Carbón y Bosques / Ecopetrol
Manglar;DMI Cispatá; Bahía de Cispatá ;13 parcela permanente -2022;;;;CDM;9.23268;tC ha-1;Carbón y Bosques / Ecopetrol
Manglar;DMI Cispatá; Bahía de Cispatá ;13 parcela permanente -2022;;;;CHj;2.30817;tC ha-1;Carbón y Bosques / Ecopetrol
Manglar;DMI Cispatá; Bahía de Cispatá ;13 parcela permanente -2012;;;;COS;238.107969;tC ha-1;Carbón y Bosques / Ecopetrol
Manglar;DMI Cispatá; Bahía de Cispatá ;13 parcela permanente -2022;;;;COS;323.605434;tC ha-1;Carbón y Bosques / Ecopetrol
Manglar;DMI Cispatá; Bahía de Cispatá ;14 parcela permanente -2012;;;;BA;34.9163;tC ha-1;Carbón y Bosques / Ecopetrol
Manglar;DMI Cispatá; Bahía de Cispatá ;14 parcela permanente -2012;;;;BR;14.315683;tC ha-1;Carbón y Bosques / Ecopetrol
Manglar;DMI Cispatá; Bahía de Cispatá ;14 parcela permanente -2012;;;;CDM;6.98326;tC ha-1;Carbón y Bosques / Ecopetrol
Manglar;DMI Cispatá; Bahía de Cispatá ;14 parcela permanente -2012;;;;CHj;1.745815;tC ha-1;Carbón y Bosques / Ecopetrol
Manglar;DMI Cispatá; Bahía de Cispatá ;14 parcela permanente -2022;;;;BA;13.9073;tC ha-1;Carbón y Bosques / Ecopetrol
Manglar;DMI Cispatá; Bahía de Cispatá ;14 parcela permanente -2022;;;;BR;5.701993;tC ha-1;Carbón y Bosques / Ecopetrol
Manglar;DMI Cispatá; Bahía de Cispatá ;14 parcela permanente -2022;;;;CDM;2.78146;tC ha-1;Carbón y Bosques / Ecopetrol
Manglar;DMI Cispatá; Bahía de Cispatá ;14 parcela permanente -2022;;;;CHj;0.695365;tC ha-1;Carbón y Bosques / Ecopetrol
Manglar;DMI Cispatá; Bahía de Cispatá ;14 parcela permanente -2012;;;;COS;244.763263;tC ha-1;Carbón y Bosques / Ecopetrol
Manglar;DMI Cispatá; Bahía de Cispatá ;14 parcela permanente -2022;;;;COS;97.490173;tC ha-1;Carbón y Bosques / Ecopetrol
Manglar;DMI Cispatá; Bahía de Cispatá ;15 parcela permanente -2012;;;;BA;62.5993;tC ha-1;Carbón y Bosques / Ecopetrol
Manglar;DMI Cispatá; Bahía de Cispatá ;15 parcela permanente -2012;;;;BR;25.665713;tC ha-1;Carbón y Bosques / Ecopetrol
Manglar;DMI Cispatá; Bahía de Cispatá ;15 parcela permanente -2012;;;;CDM;12.51986;tC ha-1;Carbón y Bosques / Ecopetrol
Manglar;DMI Cispatá; Bahía de Cispatá ;15 parcela permanente -2012;;;;CHj;3.129965;tC ha-1;Carbón y Bosques / Ecopetrol
Manglar;DMI Cispatá; Bahía de Cispatá ;15 parcela permanente -2022;;;;BA;77.0847;tC ha-1;Carbón y Bosques / Ecopetrol
Manglar;DMI Cispatá; Bahía de Cispatá ;15 parcela permanente -2022;;;;BR;31.604727;tC ha-1;Carbón y Bosques / Ecopetrol
Manglar;DMI Cispatá; Bahía de Cispatá ;15 parcela permanente -2022;;;;CDM;15.41694;tC ha-1;Carbón y Bosques / Ecopetrol
Manglar;DMI Cispatá; Bahía de Cispatá ;15 parcela permanente -2022;;;;CHj;3.854235;tC ha-1;Carbón y Bosques / Ecopetrol
Manglar;DMI Cispatá; Bahía de Cispatá ;15 parcela permanente -2012;;;;COS;438.821093;tC ha-1;Carbón y Bosques / Ecopetrol
Manglar;DMI Cispatá; Bahía de Cispatá ;15 parcela permanente -2022;;;;COS;540.363747;tC ha-1;Carbón y Bosques / Ecopetrol
Manglar;DMI Cispatá; Bahía de Cispatá ;16 parcela permanente -2012;;;;BA;77.9636;tC ha-1;Carbón y Bosques / Ecopetrol
Manglar;DMI Cispatá; Bahía de Cispatá ;16 parcela permanente -2012;;;;BR;31.965076;tC ha-1;Carbón y Bosques / Ecopetrol
Manglar;DMI Cispatá; Bahía de Cispatá ;16 parcela permanente -2012;;;;CDM;15.59272;tC ha-1;Carbón y Bosques / Ecopetrol
Manglar;DMI Cispatá; Bahía de Cispatá ;16 parcela permanente -2012;;;;CHj;3.89818;tC ha-1;Carbón y Bosques / Ecopetrol
Manglar;DMI Cispatá; Bahía de Cispatá ;16 parcela permanente -2022;;;;BA;79.477;tC ha-1;Carbón y Bosques / Ecopetrol
Manglar;DMI Cispatá; Bahía de Cispatá ;16 parcela permanente -2022;;;;BR;32.58557;tC ha-1;Carbón y Bosques / Ecopetrol
Manglar;DMI Cispatá; Bahía de Cispatá ;16 parcela permanente -2022;;;;CDM;15.8954;tC ha-1;Carbón y Bosques / Ecopetrol
Manglar;DMI Cispatá; Bahía de Cispatá ;16 parcela permanente -2022;;;;CHj;3.97385;tC ha-1;Carbón y Bosques / Ecopetrol
Manglar;DMI Cispatá; Bahía de Cispatá ;16 parcela permanente -2012;;;;COS;546.524836;tC ha-1;Carbón y Bosques / Ecopetrol
Manglar;DMI Cispatá; Bahía de Cispatá ;16 parcela permanente -2022;;;;COS;557.13377;tC ha-1;Carbón y Bosques / Ecopetrol
Manglar;DMI Cispatá; Bahía de Cispatá ;17 parcela permanente -2012;;;;BA;59.6383;tC ha-1;Carbón y Bosques / Ecopetrol
Manglar;DMI Cispatá; Bahía de Cispatá ;17 parcela permanente -2012;;;;BR;24.451703;tC ha-1;Carbón y Bosques / Ecopetrol
Manglar;DMI Cispatá; Bahía de Cispatá ;17 parcela permanente -2012;;;;CDM;11.92766;tC ha-1;Carbón y Bosques / Ecopetrol
Manglar;DMI Cispatá; Bahía de Cispatá ;17 parcela permanente -2012;;;;CHj;2.981915;tC ha-1;Carbón y Bosques / Ecopetrol
Manglar;DMI Cispatá; Bahía de Cispatá ;17 parcela permanente -2022;;;;BA;113.7823;tC ha-1;Carbón y Bosques / Ecopetrol
Manglar;DMI Cispatá; Bahía de Cispatá ;17 parcela permanente -2022;;;;BR;46.650743;tC ha-1;Carbón y Bosques / Ecopetrol
Manglar;DMI Cispatá; Bahía de Cispatá ;17 parcela permanente -2022;;;;CDM;22.75646;tC ha-1;Carbón y Bosques / Ecopetrol
Manglar;DMI Cispatá; Bahía de Cispatá ;17 parcela permanente -2022;;;;CHj;5.689115;tC ha-1;Carbón y Bosques / Ecopetrol
Manglar;DMI Cispatá; Bahía de Cispatá ;17 parcela permanente -2012;;;;COS;418.064483;tC ha-1;Carbón y Bosques / Ecopetrol
Manglar;DMI Cispatá; Bahía de Cispatá ;17 parcela permanente -2022;;;;COS;797.613923;tC ha-1;Carbón y Bosques / Ecopetrol
Manglar;DMI Cispatá; Bahía de Cispatá ;18 parcela permanente -2012;;;;BA;47.7614;tC ha-1;Carbón y Bosques / Ecopetrol
Manglar;DMI Cispatá; Bahía de Cispatá ;18 parcela permanente -2012;;;;BR;19.582174;tC ha-1;Carbón y Bosques / Ecopetrol
Manglar;DMI Cispatá; Bahía de Cispatá ;18 parcela permanente -2012;;;;CDM;9.55228;tC ha-1;Carbón y Bosques / Ecopetrol
Manglar;DMI Cispatá; Bahía de Cispatá ;18 parcela permanente -2012;;;;CHj;2.38807;tC ha-1;Carbón y Bosques / Ecopetrol
Manglar;DMI Cispatá; Bahía de Cispatá ;18 parcela permanente -2022;;;;BA;58.092;tC ha-1;Carbón y Bosques / Ecopetrol
Manglar;DMI Cispatá; Bahía de Cispatá ;18 parcela permanente -2022;;;;BR;23.81772;tC ha-1;Carbón y Bosques / Ecopetrol
Manglar;DMI Cispatá; Bahía de Cispatá ;18 parcela permanente -2022;;;;CDM;11.6184;tC ha-1;Carbón y Bosques / Ecopetrol
Manglar;DMI Cispatá; Bahía de Cispatá ;18 parcela permanente -2022;;;;CHj;2.9046;tC ha-1;Carbón y Bosques / Ecopetrol
Manglar;DMI Cispatá; Bahía de Cispatá ;18 parcela permanente -2012;;;;COS;334.807414;tC ha-1;Carbón y Bosques / Ecopetrol
Manglar;DMI Cispatá; Bahía de Cispatá ;18 parcela permanente -2022;;;;COS;407.22492;tC ha-1;Carbón y Bosques / Ecopetrol
Manglar;DMI Cispatá; Bahía de Cispatá ;19 parcela permanente -2012;;;;BA;99.3157;tC ha-1;Carbón y Bosques / Ecopetrol
Manglar;DMI Cispatá; Bahía de Cispatá ;19 parcela permanente -2012;;;;BR;40.719437;tC ha-1;Carbón y Bosques / Ecopetrol
Manglar;DMI Cispatá; Bahía de Cispatá ;19 parcela permanente -2012;;;;CDM;19.86314;tC ha-1;Carbón y Bosques / Ecopetrol
Manglar;DMI Cispatá; Bahía de Cispatá ;19 parcela permanente -2012;;;;CHj;4.965785;tC ha-1;Carbón y Bosques / Ecopetrol
Manglar;DMI Cispatá; Bahía de Cispatá ;19 parcela permanente -2022;;;;BA;61.4995;tC ha-1;Carbón y Bosques / Ecopetrol
Manglar;DMI Cispatá; Bahía de Cispatá ;19 parcela permanente -2022;;;;BR;25.214795;tC ha-1;Carbón y Bosques / Ecopetrol
Manglar;DMI Cispatá; Bahía de Cispatá ;19 parcela permanente -2022;;;;CDM;12.2999;tC ha-1;Carbón y Bosques / Ecopetrol
Manglar;DMI Cispatá; Bahía de Cispatá ;19 parcela permanente -2022;;;;CHj;3.074975;tC ha-1;Carbón y Bosques / Ecopetrol
Manglar;DMI Cispatá; Bahía de Cispatá ;19 parcela permanente -2012;;;;COS;696.203057;tC ha-1;Carbón y Bosques / Ecopetrol
Manglar;DMI Cispatá; Bahía de Cispatá ;19 parcela permanente -2022;;;;COS;431.111495;tC ha-1;Carbón y Bosques / Ecopetrol
Manglar;DMI Cispatá; Bahía de Cispatá ;20 parcela permanente -2012;;;;BA;60.3715;tC ha-1;Carbón y Bosques / Ecopetrol
Manglar;DMI Cispatá; Bahía de Cispatá ;20 parcela permanente -2012;;;;BR;24.752315;tC ha-1;Carbón y Bosques / Ecopetrol
Manglar;DMI Cispatá; Bahía de Cispatá ;20 parcela permanente -2012;;;;CDM;12.0743;tC ha-1;Carbón y Bosques / Ecopetrol
Manglar;DMI Cispatá; Bahía de Cispatá ;20 parcela permanente -2012;;;;CHj;3.018575;tC ha-1;Carbón y Bosques / Ecopetrol
Manglar;DMI Cispatá; Bahía de Cispatá ;20 parcela permanente -2022;;;;BA;76.4032;tC ha-1;Carbón y Bosques / Ecopetrol
Manglar;DMI Cispatá; Bahía de Cispatá ;20 parcela permanente -2022;;;;BR;31.325312;tC ha-1;Carbón y Bosques / Ecopetrol
Manglar;DMI Cispatá; Bahía de Cispatá ;20 parcela permanente -2022;;;;CDM;15.28064;tC ha-1;Carbón y Bosques / Ecopetrol
Manglar;DMI Cispatá; Bahía de Cispatá ;20 parcela permanente -2022;;;;CHj;3.82016;tC ha-1;Carbón y Bosques / Ecopetrol
Manglar;DMI Cispatá; Bahía de Cispatá ;20 parcela permanente -2012;;;;COS;423.204215;tC ha-1;Carbón y Bosques / Ecopetrol
Manglar;DMI Cispatá; Bahía de Cispatá ;20 parcela permanente -2022;;;;COS;535.586432;tC ha-1;Carbón y Bosques / Ecopetrol
Manglar;DMI Cispatá; Bahía de Cispatá ;21 parcela permanente -2012;;;;BA;32.5804;tC ha-1;Carbón y Bosques / Ecopetrol
Manglar;DMI Cispatá; Bahía de Cispatá ;21 parcela permanente -2012;;;;BR;13.357964;tC ha-1;Carbón y Bosques / Ecopetrol
Manglar;DMI Cispatá; Bahía de Cispatá ;21 parcela permanente -2012;;;;CDM;6.51608;tC ha-1;Carbón y Bosques / Ecopetrol
Manglar;DMI Cispatá; Bahía de Cispatá ;21 parcela permanente -2012;;;;CHj;1.62902;tC ha-1;Carbón y Bosques / Ecopetrol
Manglar;DMI Cispatá; Bahía de Cispatá ;21 parcela permanente -2022;;;;BA;39.3296;tC ha-1;Carbón y Bosques / Ecopetrol
Manglar;DMI Cispatá; Bahía de Cispatá ;21 parcela permanente -2022;;;;BR;16.125136;tC ha-1;Carbón y Bosques / Ecopetrol
Manglar;DMI Cispatá; Bahía de Cispatá ;21 parcela permanente -2022;;;;CDM;7.86592;tC ha-1;Carbón y Bosques / Ecopetrol
Manglar;DMI Cispatá; Bahía de Cispatá ;21 parcela permanente -2022;;;;CHj;1.96648;tC ha-1;Carbón y Bosques / Ecopetrol
Manglar;DMI Cispatá; Bahía de Cispatá ;21 parcela permanente -2012;;;;COS;228.388604;tC ha-1;Carbón y Bosques / Ecopetrol
Manglar;DMI Cispatá; Bahía de Cispatá ;21 parcela permanente -2022;;;;COS;275.700496;tC ha-1;Carbón y Bosques / Ecopetrol
Manglar;DMI Cispatá; Bahía de Cispatá ;22 parcela permanente -2012;;;;BA;115.7563;tC ha-1;Carbón y Bosques / Ecopetrol
Manglar;DMI Cispatá; Bahía de Cispatá ;22 parcela permanente -2012;;;;BR;47.460083;tC ha-1;Carbón y Bosques / Ecopetrol
Manglar;DMI Cispatá; Bahía de Cispatá ;22 parcela permanente -2012;;;;CDM;23.15126;tC ha-1;Carbón y Bosques / Ecopetrol
Manglar;DMI Cispatá; Bahía de Cispatá ;22 parcela permanente -2012;;;;CHj;5.787815;tC ha-1;Carbón y Bosques / Ecopetrol
Manglar;DMI Cispatá; Bahía de Cispatá ;22 parcela permanente -2022;;;;BA;143.8341;tC ha-1;Carbón y Bosques / Ecopetrol
Manglar;DMI Cispatá; Bahía de Cispatá ;22 parcela permanente -2022;;;;BR;58.971981;tC ha-1;Carbón y Bosques / Ecopetrol
Manglar;DMI Cispatá; Bahía de Cispatá ;22 parcela permanente -2022;;;;CDM;28.76682;tC ha-1;Carbón y Bosques / Ecopetrol
Manglar;DMI Cispatá; Bahía de Cispatá ;22 parcela permanente -2022;;;;CHj;7.191705;tC ha-1;Carbón y Bosques / Ecopetrol
Manglar;DMI Cispatá; Bahía de Cispatá ;22 parcela permanente -2012;;;;COS;811.451663;tC ha-1;Carbón y Bosques / Ecopetrol
Manglar;DMI Cispatá; Bahía de Cispatá ;22 parcela permanente -2022;;;;COS;1008.277041;tC ha-1;Carbón y Bosques / Ecopetrol
Manglar;DMI Cispatá; Bahía de Cispatá ;23 parcela permanente -2012;;;;BA;35.8093;tC ha-1;Carbón y Bosques / Ecopetrol
Manglar;DMI Cispatá; Bahía de Cispatá ;23 parcela permanente -2012;;;;BR;14.681813;tC ha-1;Carbón y Bosques / Ecopetrol
Manglar;DMI Cispatá; Bahía de Cispatá ;23 parcela permanente -2012;;;;CDM;7.16186;tC ha-1;Carbón y Bosques / Ecopetrol
Manglar;DMI Cispatá; Bahía de Cispatá ;23 parcela permanente -2012;;;;CHj;1.790465;tC ha-1;Carbón y Bosques / Ecopetrol
Manglar;DMI Cispatá; Bahía de Cispatá ;23 parcela permanente -2022;;;;BA;41.031;tC ha-1;Carbón y Bosques / Ecopetrol
Manglar;DMI Cispatá; Bahía de Cispatá ;23 parcela permanente -2022;;;;BR;16.82271;tC ha-1;Carbón y Bosques / Ecopetrol
Manglar;DMI Cispatá; Bahía de Cispatá ;23 parcela permanente -2022;;;;CDM;8.2062;tC ha-1;Carbón y Bosques / Ecopetrol
Manglar;DMI Cispatá; Bahía de Cispatá ;23 parcela permanente -2022;;;;CHj;2.05155;tC ha-1;Carbón y Bosques / Ecopetrol
Manglar;DMI Cispatá; Bahía de Cispatá ;23 parcela permanente -2012;;;;COS;251.023193;tC ha-1;Carbón y Bosques / Ecopetrol
Manglar;DMI Cispatá; Bahía de Cispatá ;23 parcela permanente -2022;;;;COS;287.62731;tC ha-1;Carbón y Bosques / Ecopetrol
SAF Cacao;Magdalena;Departamento del Magdalena ;Mag1;;;SAF;COS;2.48;% Peso;Agrosavia / Ecopetrol
SAF Cacao;Magdalena;Departamento del Magdalena ;Mag2;;;SAF;COS;1.88;% Peso;Agrosavia / Ecopetrol
SAF Cacao;Magdalena;Vereda Cristalina- Kankawarwa.Municipio Fundacion Magdalena;Mag3;;;SAF;COS;2.87;% Peso;Agrosavia / Ecopetrol
SAF Cacao;Magdalena;Vereda Cristalina- Kankawarwa.Municipio Fundacion Magdalena;Mag4;;;SAF;COS;2.4;% Peso;Agrosavia / Ecopetrol
SAF Cacao;Magdalena;El Paraiso, Palmar;Mag5;;;SAF;COS;3.32;% Peso;Agrosavia / Ecopetrol
SAF Cacao;Magdalena;Brisas de Cordoba, Siberia;Mag6;;;SAF;COS;3.87;% Peso;Agrosavia / Ecopetrol
SAF Cacao;Magdalena;La Victoria, San Pedro;Mag7;;;SAF;COS;4.72;% Peso;Agrosavia / Ecopetrol
SAF Cacao;Magdalena;Las Piedritas, Guachaca;Mag8;;;SAF;COS;2.77;% Peso;Agrosavia / Ecopetrol
SAF Cacao;Magdalena;Finca los Naranjos- Camagual;Mag9;;;SAF;COS;4.55;% Peso;Agrosavia / Ecopetrol
SAF Cacao;Magdalena;Finca los Naranjos- Camagual;Mag10;;;SAF;COS;7.67;% Peso;Agrosavia / Ecopetrol
SAF Cacao;Magdalena;Finca los Naranjos- Camagual;Mag11;;;SAF;COS;7.64;% Peso;Agrosavia / Ecopetrol
SAF Cacao;Magdalena;Finca los Naranjos- Camagual;Mag12;;;SAF;COS;8.21;% Peso;Agrosavia / Ecopetrol
SAF Cacao;Magdalena;Finca los Naranjos- Camagual;Mag13;;;SAF;COS;5.71;% Peso;Agrosavia / Ecopetrol
SAF Cacao;Magdalena;Finca los Naranjos- Camagual;Mag14;;;SAF;COS;2.71;% Peso;Agrosavia / Ecopetrol
SAF Cacao;Magdalena;Departamento del Magdalena ;Mag15;;;SAF;COS;2.23;% Peso;Agrosavia / Ecopetrol
SAF Cacao;Magdalena;Departamento del Magdalena ;Mag16;;;SAF;COS;4.14;% Peso;Agrosavia / Ecopetrol
SAF Cacao;Magdalena;Departamento del Magdalena ;Mag17;;;SAF;COS;9.64;% Peso;Agrosavia / Ecopetrol
SAF Cacao;Magdalena;Departamento del Magdalena ;Mag18;;;SAF;COS;1.56;% Peso;Agrosavia / Ecopetrol
SAF Cacao;Magdalena;Agrosavia. Departamento del Magdalena;Mag19;;;SAF;COS;3;% Peso;Agrosavia / Ecopetrol
SAF Cacao;Magdalena;Agrosavia. Departamento del Magdalena;Mag20;;;SAF;COS;2.62;% Peso;Agrosavia / Ecopetrol
SAF Cacao;Magdalena;Agrosavia. Departamento del Magdalena;Mag21;;;SAF;COS;7.29;% Peso;Agrosavia / Ecopetrol
SAF Cacao;Magdalena;Agrosavia. Departamento del Magdalena;Mag22;;;SAF;COS;3.21;% Peso;Agrosavia / Ecopetrol
SAF Cacao;Magdalena;Agrosavia. Departamento del Magdalena;Mag23;;;SAF;COS;17.74;% Peso;Agrosavia / Ecopetrol
SAF Cacao;Magdalena;Agrosavia. Departamento del Magdalena;Mag24;;;SAF;COS;5.17;% Peso;Agrosavia / Ecopetrol
SAF Cacao;Magdalena;Agrosavia. Departamento del Magdalena;Mag25;;;SAF;COS;4.97;% Peso;Agrosavia / Ecopetrol
SAF Cacao;Magdalena;Agrosavia. Departamento del Magdalena;Mag26;;;SAF;COS;1.5;% Peso;Agrosavia / Ecopetrol
SAF Cacao;Magdalena;Sierra Nevada de Santa Marta;El Triunfo;-74.08745833;10.90648056;SAF;COS;1.66;% Peso;Agrosavia / Ecopetrol
SAF Cacao;Magdalena;Sierra Nevada de Santa Marta;Emanuel;;;SAF;COS;1.24;% Peso;Agrosavia / Ecopetrol
SAF Cacao;Magdalena;Sierra Nevada de Santa Marta;La Arcadia;;;SAF;COS;2.25;% Peso;Agrosavia / Ecopetrol
SAF Cacao;Magdalena;Sierra Nevada de Santa Marta;La Aurora;-74.08453;10.89123;SAF;COS;1.64;% Peso;Agrosavia / Ecopetrol
SAF Cacao;Magdalena;Sierra Nevada de Santa Marta;La Cabańa;;;SAF;COS;1.9;% Peso;Agrosavia / Ecopetrol
SAF Cacao;Magdalena;Sierra Nevada de Santa Marta;La Carmelita;-74.06505278;10.95954444;SAF;COS;1.68;% Peso;Agrosavia / Ecopetrol
SAF Cacao;Magdalena;Sierra Nevada de Santa Marta;La Cascada;-74.06194444;10.93094444;SAF;COS;1.53;% Peso;Agrosavia / Ecopetrol
SAF Cacao;Magdalena;Sierra Nevada de Santa Marta;La Chavela;;;SAF;COS;1.84;% Peso;Agrosavia / Ecopetrol
SAF Cacao;Magdalena;Sierra Nevada de Santa Marta;La Conquista;;;SAF;COS;1.36;% Peso;Agrosavia / Ecopetrol
SAF Cacao;Magdalena;Sierra Nevada de Santa Marta;La Esperancita;;;SAF;COS;3.67;% Peso;Agrosavia / Ecopetrol
SAF Cacao;Magdalena;Sierra Nevada de Santa Marta;La Esperanza;;;SAF;COS;2.78;% Peso;Agrosavia / Ecopetrol
SAF Cacao;Magdalena;Sierra Nevada de Santa Marta;La Fortuna;-74.09063611;10.91191944;SAF;COS;1.22;% Peso;Agrosavia / Ecopetrol
SAF Cacao;Magdalena;Sierra Nevada de Santa Marta;La Granja;-74.07025833;10.97566944;SAF;COS;1.5;% Peso;Agrosavia / Ecopetrol
SAF Cacao;Magdalena;Sierra Nevada de Santa Marta;La Perla;-74.05869444;10.88072222;SAF;COS;1.4;% Peso;Agrosavia / Ecopetrol
SAF Cacao;Magdalena;Sierra Nevada de Santa Marta;La Vega;-74.08775;10.89316667;SAF;COS;0.89;% Peso;Agrosavia / Ecopetrol
SAF Cacao;Magdalena;Sierra Nevada de Santa Marta;La Victoria;-74.08343333;10.89666944;SAF;COS;2.23;% Peso;Agrosavia / Ecopetrol
SAF Cacao;Magdalena;Sierra Nevada de Santa Marta;Las Tres Palmas;;;SAF;COS;1.06;% Peso;Agrosavia / Ecopetrol
SAF Cacao;Magdalena;Sierra Nevada de Santa Marta;La Esperanza;;;SAF;COS;1.39;% Peso;Agrosavia / Ecopetrol
SAF Cacao;Magdalena;Sierra Nevada de Santa Marta;Las Gaviotas;-74.05564444;10.97871111;SAF;COS;1.36;% Peso;Agrosavia / Ecopetrol
SAF Cacao;Magdalena;Sierra Nevada de Santa Marta;Las Murallas;;;SAF;COS;1.89;% Peso;Agrosavia / Ecopetrol
SAF Cacao;Magdalena;Sierra Nevada de Santa Marta;Las Palmas 3;;;SAF;COS;1.76;% Peso;Agrosavia / Ecopetrol
SAF Cacao;Magdalena;Sierra Nevada de Santa Marta;Las Piedritas;;;SAF;COS;1.71;% Peso;Agrosavia / Ecopetrol
SAF Cacao;Magdalena;Sierra Nevada de Santa Marta;Los Acacios;;;SAF;COS;0.91;% Peso;Agrosavia / Ecopetrol
SAF Cacao;Magdalena;Sierra Nevada de Santa Marta;Los Angeles;-74.064625;10.97933333;SAF;COS;1.96;% Peso;Agrosavia / Ecopetrol
SAF Cacao;Magdalena;Sierra Nevada de Santa Marta;Los Cacaos;;;SAF;COS;2.03;% Peso;Agrosavia / Ecopetrol
SAF Cacao;Magdalena;Sierra Nevada de Santa Marta;Los Jazmines;;;SAF;COS;1.93;% Peso;Agrosavia / Ecopetrol
SAF Cacao;Magdalena;Sierra Nevada de Santa Marta;Los Mandarinos;;;SAF;COS;2.24;% Peso;Agrosavia / Ecopetrol
SAF Cacao;Magdalena;Sierra Nevada de Santa Marta;Los Mangos;;;SAF;COS;2.36;% Peso;Agrosavia / Ecopetrol
SAF Cacao;Magdalena;Sierra Nevada de Santa Marta;Los Naranjos;-74.07349;10.88355;SAF;COS;1.74;% Peso;Agrosavia / Ecopetrol
SAF Cacao;Magdalena;Sierra Nevada de Santa Marta;Los Potreritos;;;SAF;COS;2.11;% Peso;Agrosavia / Ecopetrol
SAF Cacao;Magdalena;Sierra Nevada de Santa Marta;Los Recuerdos;;;SAF;COS;1.71;% Peso;Agrosavia / Ecopetrol
SAF Cacao;Magdalena;Sierra Nevada de Santa Marta;María Bonita;;;SAF;COS;1.48;% Peso;Agrosavia / Ecopetrol
SAF Cacao;Magdalena;Sierra Nevada de Santa Marta;Monte Carmelo;-74.07905556;10.88511111;SAF;COS;1.53;% Peso;Agrosavia / Ecopetrol
SAF Cacao;Magdalena;Sierra Nevada de Santa Marta;Niguakoa;;;SAF;COS;2.46;% Peso;Agrosavia / Ecopetrol
SAF Cacao;Magdalena;Sierra Nevada de Santa Marta;No hay como tu;;;SAF;COS;1.23;% Peso;Agrosavia / Ecopetrol
SAF Cacao;Magdalena;Sierra Nevada de Santa Marta;Nuevo Oriente;;;SAF;COS;0.87;% Peso;Agrosavia / Ecopetrol
SAF Cacao;Magdalena;Sierra Nevada de Santa Marta;Santa Bárbara;;;SAF;COS;1.86;% Peso;Agrosavia / Ecopetrol
SAF Cacao;Magdalena;Sierra Nevada de Santa Marta;Sinaí;;;SAF;COS;2.7;% Peso;Agrosavia / Ecopetrol
SAF Cacao;Magdalena;Sierra Nevada de Santa Marta;Tagbi;;;SAF;COS;1.24;% Peso;Agrosavia / Ecopetrol
SAF Cacao;Magdalena;Sierra Nevada de Santa Marta;Villa Brisa;;;SAF;COS;1.05;% Peso;Agrosavia / Ecopetrol
SAF Cacao;Magdalena;Sierra Nevada de Santa Marta;Villa Sofia;;;SAF;COS;2.05;% Peso;Agrosavia / Ecopetrol
SAF Cacao;Magdalena;Sierra Nevada de Santa Marta;Villa Vista;-74.06392222;10.9791;SAF;COS;1.78;% Peso;Agrosavia / Ecopetrol
Bosque de Galería;Meta;Mapiripán;Promedio;;;Natural / Conservado;BA;61.83;tC ha-1;1
Bosque de Galería;Meta;Mapiripán;Promedio;;;Natural / Conservado;COS;11.53;tC ha-1;1
Morichal;Meta;Mapiripán;Promedio;;;Natural / Conservado;BA;99.12;tC ha-1;1
Morichal;Meta;Mapiripán;Promedio;;;Natural / Conservado;COS;1.19;tC ha-1;1
Sabana;Meta;Mapiripán;Promedio;;;Natural;BA;0.71;tC ha-1;1
Sabana;Meta;Mapiripán;Promedio;;;Natural;COS;0.31;tC ha-1;1
Palma de Aceite;Meta;Mapiripán;Teórico;;;Cultivo (Máx. Productividad);BA;78.13;tC ha-1;1
Palma de Aceite;Meta;Mapiripán;Teórico;;;Cultivo (Máx. Productividad);COS;7.06;tC ha-1;1
Palma de Aceite;Meta;Mapiripán;Promedio;;;Cultivo (2009-2010);BA;19.56;tC ha-1;1
Palma de Aceite;Meta;Mapiripán;Promedio;;;Cultivo (2009-2010);COS;5.05;tC ha-1;1
Palma de Aceite;Meta;Mapiripán;Promedio;;;Cultivo;BA;12.22;tC ha-1;1
Palma de Aceite;Meta;Mapiripán;Promedio;;;Cultivo;BA;9.19;tC ha-1;1
Morichal;Meta;Finca Manacacías (Puerto Gaitán);Promedio (Interior/Ecotono);-72.043167;4.172383;Conservado;BA;119.4;tC ha-1;2
Morichal;Meta;Finca Manacacías (Puerto Gaitán);Promedio (Interior/Ecotono);-72.043167;4.172383;Conservado;Necromasa;35;tC ha-1;2
Morichal;Meta;Finca Manacacías (Puerto Gaitán);Promedio (Interior/Ecotono);-72.043167;4.172383;Conservado;COS;436.5;tC ha-1;2
Bosque Altoandino;Cundinamarca;Guasca (Reserva Biológica el Encenillo / Vereda Trinidad);Guasca 5;-73.908611;4.79;Conservado / Fragmentado;BA;78.06;tC ha-1;3
Bosque Altoandino;Cundinamarca;Guasca (Reserva Biológica el Encenillo / Vereda Trinidad);Guasca 16;-73.903611;4.784722;Conservado / Fragmentado;BA;78.06;tC ha-1;3
Bosque Altoandino;Cundinamarca;Tabio (Condominio privado, zona rural);Tabio 10;-74.108611;4.925278;Intervenido;BA;62.01;tC ha-1;3
Bosque Altoandino;Cundinamarca;Tabio (Condominio privado, zona rural);Tabio 19;-74.112222;4.925278;Intervenido;BA;62.01;tC ha-1;3
Bosque Altoandino;Cundinamarca;Cerros de Torca (Condominio campestre Floresta de la Sabana);Torca 11;-74.016111;4.813333;Conservado (Reserva Forestal);BA;72.11;tC ha-1;3
Bosque Altoandino;Cundinamarca;Cerros de Torca (Condominio campestre Floresta de la Sabana);Torca 12;-74.015556;4.813056;Conservado (Reserva Forestal);BA;72.11;tC ha-1;3
Bosque Altoandino;Tolima;Veredas La Yuca y Buena Vista (Santa Isabel);Parcelas;;;Conservado;COS;122.4;tC ha-1;4
Sistema Silvopastori;Tolima;Veredas La Yuca y Buena Vista (Santa Isabel);Parcelas;;;Intervenido (Pasturas con árboles);COS;75;tC ha-1;4
Sistema Silvopastori;Tolima;Veredas La Yuca y Buena Vista (Santa Isabel);Parcelas;;;Intervenido (Pasturas con árboles);COS;78;tC ha-1;4
Sistema Silvopastori;Tolima;Veredas La Yuca y Buena Vista (Santa Isabel);Parcelas;;;Intervenido (Pasturas con árboles);COS;80;tC ha-1;4
Sistema Silvopastori;Tolima;Veredas La Yuca y Buena Vista (Santa Isabel);Parcelas;;;Intervenido (Pasturas con árboles);COS;82;tC ha-1;4
Sistema Silvopastori;Tolima;Veredas La Yuca y Buena Vista (Santa Isabel);Parcelas;;;Intervenido (Pasturas con árboles);COS;84;tC ha-1;4
Cultivo Agrícola;Tolima;Veredas La Yuca y Buena Vista (Santa Isabel);Parcelas;;;Intervenido (Cultivo);COS;76;tC ha-1;4
Cultivo Agrícola;Tolima;Veredas La Yuca y Buena Vista (Santa Isabel);Parcelas;;;Intervenido (Cultivo);COS;78;tC ha-1;4
Cultivo Agrícola;Tolima;Veredas La Yuca y Buena Vista (Santa Isabel);Parcelas;;;Intervenido (Cultivo);COS;80;tC ha-1;4
Cultivo Agrícola;Tolima;Veredas La Yuca y Buena Vista (Santa Isabel);Parcelas;;;Intervenido (Cultivo);COS;81;tC ha-1;4
Cultivo Agrícola;Tolima;Veredas La Yuca y Buena Vista (Santa Isabel);Parcelas;;;Intervenido (Cultivo);COS;82.6;tC ha-1;4
SAF Café;Valle del Cauca;Zona Alta (1450-1600 msnm) (Alcalá);Promedio;;;Varios (Barbecho/Monocultivo/Conservado);COS;123;tC ha-1;5
SAF Café;Valle del Cauca;Zona Media (1300-1450 msnm) (Alcalá);Promedio;;;Varios (Barbecho/Monocultivo/Conservado);COS;90.42;tC ha-1;5
SAF Café;Valle del Cauca;Zona Baja (1150-1300 msnm) (Alcalá);Promedio;;;Varios (Barbecho/Monocultivo/Conservado);COS;75.63;tC ha-1;5
Bosque Subandino;Antioquia;Reserva Natural Farallones del Citará (Vereda Pedral Arriba) (Betania);Promedio (Parcelas E y U);;;Conservado / En recuperación;BA;243.44;t ha-1;6
Bosque Subandino;Antioquia;Reserva Natural Farallones del Citará (Vereda Pedral Arriba) (Betania);Promedio (Parcelas E y U);;;Conservado / En recuperación;BA;121.72;tC ha-1;6
Bosque de Galería;Vichada;Reserva Biológica Tomogrande (Terra Firme) (Santa Rosalía);Promedio (3 parcelas);;;Conservado;BA;128.7;tC ha-1;7
Bosque de Galería;Vichada;Reserva Biológica Tomogrande (Terra Firme) (Santa Rosalía);Promedio (3 parcelas);;;Conservado;BA;57.92;tC ha-1;7
Bosque de Galería;Vichada;Reserva Biológica Tomogrande (Igapó) (Santa Rosalía);Promedio (2 parcelas);;;Conservado;BA;169.9;tC ha-1;7
Bosque de Galería;Vichada;Reserva Biológica Tomogrande (Igapó) (Santa Rosalía);Promedio (2 parcelas);;;Conservado;BA;76.46;tC ha-1;7
SAF Café;Magdalena;Zona 1 (café sombre);Promedio;;;Intervenido;COS;109.1;tC ha-1;8
Bosque Húmedo;Magdalena;Zona 2 (20 ańos palma africana);Promedio;;;Intervenido;COS;43.7;tC ha-1;8
Bosque seco;Magdalena;Zona 3 (para siembre de banano);Promedio;;;Intervenido;COS;40.9;tC ha-1;8
Bosque seco;Magdalena;Zona 4 (Banano y mango);Promedio;;;Intervenido;COS;51.1;tC ha-1;8
Bosque seco;Magdalena;Zona 5 (Frutales);Promedio;;;Intervenido;COS;88.1;tC ha-1;8
Bosque seco;Magdalena;Zona 6 (Hortalizas);Promedio;;;Intervenido;COS;43.8;tC ha-1;8
